date,stock_id,Trading_Volume,Trading_money,open,close,spread,Trading_turnover,high,low
2015-01-05,3029,237086,3816306,16.0,16.2,0.3,112.0,16.25,15.85
2015-01-06,3029,189247,3008951,16.0,16.0,-0.2,98.0,16.0,15.8
2015-01-07,3029,129047,2062413,15.8,16.0,0.0,60.0,16.1,15.8
2015-01-08,3029,748409,12797793,17.1,17.1,1.1,332.0,17.1,17.1
2015-01-09,3029,2806524,49958871,18.1,17.5,0.4,1155.0,18.1,17.5
2015-01-12,3029,732036,12604316,17.2,17.15,-0.35,321.0,17.45,17.0
2015-01-13,3029,436077,7526531,17.05,17.4,0.25,209.0,17.4,17.05
2015-01-14,3029,289806,5014542,17.5,17.4,0.0,174.0,17.5,17.15
2015-01-15,3029,970063,17052055,17.4,17.4,0.0,419.0,17.85,17.3
2015-01-16,3029,789006,13802155,17.75,17.5,0.1,272.0,17.75,17.35
2015-01-19,3029,427338,7471261,17.6,17.1,-0.4,199.0,17.65,17.1
2015-01-20,3029,190725,3284382,17.15,17.25,0.15,108.0,17.3,17.15
2015-01-21,3029,2053206,36618505,17.3,17.75,0.5,938.0,18.05,17.3
2015-01-22,3029,760306,13455865,17.85,17.65,-0.1,352.0,17.9,17.55
2015-01-23,3029,526209,9247995,17.7,17.4,-0.25,233.0,17.85,17.35
2015-01-26,3029,304075,5362177,17.7,17.7,0.3,168.0,17.7,17.5
2015-01-27,3029,231206,4063635,17.8,17.5,-0.2,132.0,17.85,17.45
2015-01-28,3029,276206,4841234,17.4,17.5,0.0,153.0,17.65,17.4
2015-01-29,3029,276497,4780697,17.45,17.2,-0.3,152.0,17.45,17.2
2015-01-30,3029,374600,6421400,17.25,17.1,-0.1,190.0,17.3,17.05
2015-02-02,3029,205100,3518159,17.2,17.1,0.0,106.0,17.25,17.1
2015-02-03,3029,155006,2678653,17.35,17.2,0.1,83.0,17.4,17.15
2015-02-04,3029,167100,2875219,17.35,17.2,0.0,86.0,17.35,17.1
2015-02-05,3029,195023,3357545,17.3,17.2,0.0,76.0,17.3,17.1
2015-02-06,3029,634006,10623601,16.9,16.75,-0.45,296.0,17.1,16.6
2015-02-09,3029,261006,4353150,16.65,16.65,-0.1,99.0,16.8,16.6
2015-02-10,3029,115565,1926627,16.5,16.65,0.0,75.0,16.85,16.5
2015-02-11,3029,96612,1614108,16.65,16.7,0.05,66.0,16.85,16.6
2015-02-12,3029,55145,924306,16.8,16.7,0.0,40.0,16.85,16.7
2015-02-13,3029,175279,2931603,16.7,16.6,-0.1,84.0,16.9,16.6
2015-02-24,3029,114007,1917117,16.85,16.75,0.15,66.0,16.9,16.65
2015-02-25,3029,82006,1377901,16.8,16.75,0.0,47.0,16.9,16.7
2015-02-26,3029,188006,3205902,16.75,17.0,0.25,104.0,17.25,16.75
2015-03-02,3029,77006,1311402,17.2,16.95,-0.05,58.0,17.2,16.9
2015-03-03,3029,134131,2251621,17.0,16.75,-0.2,77.0,17.0,16.65
2015-03-04,3029,132015,2206317,16.7,16.75,0.0,71.0,16.8,16.65
2015-03-05,3029,126000,2124850,16.75,16.8,0.05,71.0,16.95,16.75
2015-03-06,3029,151000,2561750,16.85,17.0,0.2,91.0,17.1,16.85
2015-03-09,3029,211001,3532318,16.8,16.7,-0.3,119.0,16.85,16.7
2015-03-10,3029,194450,3230524,16.7,16.55,-0.15,113.0,16.8,16.5
2015-03-11,3029,171007,2812714,16.45,16.4,-0.15,94.0,16.6,16.4
2015-03-12,3029,470263,7810077,16.5,16.75,0.35,160.0,16.75,16.4
2015-03-13,3029,135156,2254287,16.7,16.7,-0.05,75.0,16.75,16.65
2015-03-16,3029,152607,2525135,16.7,16.5,-0.2,82.0,16.7,16.5
2015-03-17,3029,134007,2221215,16.6,16.55,0.05,67.0,16.7,16.5
2015-03-18,3029,109358,1811939,16.6,16.5,-0.05,62.0,16.65,16.5
2015-03-19,3029,172294,2864929,16.6,16.7,0.2,98.0,16.7,16.55
2015-03-20,3029,282001,4764216,16.8,16.85,0.15,158.0,17.0,16.7
2015-03-23,3029,919160,15959717,16.9,17.35,0.5,403.0,17.65,16.9
2015-03-24,3029,193359,3323474,17.4,17.05,-0.3,113.0,17.4,17.05
2015-03-25,3029,273003,4643301,17.5,16.95,-0.1,138.0,17.5,16.85
2015-03-26,3029,361000,6165900,16.95,17.05,0.1,165.0,17.35,16.9
2015-03-27,3029,238000,4070200,17.1,17.05,0.0,106.0,17.25,17.0
2015-03-30,3029,234001,3913216,17.4,16.75,-0.3,131.0,17.4,16.5
2015-03-31,3029,264001,4372116,16.8,16.6,-0.15,124.0,16.8,16.4
2015-04-01,3029,135159,2227107,16.7,16.45,-0.15,72.0,16.7,16.4
2015-04-02,3029,235293,3890277,16.45,16.65,0.2,125.0,16.7,16.45
2015-04-07,3029,243002,4086984,16.75,16.85,0.2,118.0,16.95,16.7
2015-04-08,3029,3768145,67399010,17.25,18.0,1.15,1264.0,18.0,17.1
2015-04-09,3029,8139475,154536343,18.3,19.25,1.25,2469.0,19.25,18.0
2015-04-10,3029,21148065,419340882,19.2,19.5,0.25,5162.0,20.45,18.8
2015-04-13,3029,7512356,147225357,19.8,19.5,0.0,2565.0,19.95,19.1
2015-04-14,3029,3804651,73858343,19.6,19.6,0.1,1494.0,19.75,19.15
2015-04-15,3029,18520398,381201587,19.8,20.95,1.35,5428.0,20.95,19.55
2015-04-16,3029,17541028,368618711,21.2,20.15,-0.8,5662.0,21.7,20.05
2015-04-17,3029,8594904,178691584,20.75,20.95,0.8,3418.0,21.2,20.25
2015-04-20,3029,15234108,326291906,21.3,20.4,-0.55,4819.0,22.0,20.35
2015-04-21,3029,6262585,125951765,20.85,19.75,-0.65,2397.0,20.85,19.5
2015-04-22,3029,4955588,98284152,20.0,19.65,-0.1,1977.0,20.45,19.4
2015-04-23,3029,3083301,60899878,19.9,19.6,-0.05,1423.0,20.1,19.45
2015-04-24,3029,5773414,117289520,19.85,20.4,0.8,2477.0,20.8,19.7
2015-04-27,3029,5316332,108916872,20.5,20.1,-0.3,1968.0,21.0,20.0
2015-04-28,3029,5706418,110710182,20.1,19.2,-0.9,2135.0,20.3,18.9
2015-04-29,3029,3235320,62219891,19.4,19.25,0.05,1293.0,19.5,18.95
2015-04-30,3029,1885238,35987324,19.4,19.05,-0.2,827.0,19.45,18.9
2015-05-04,3029,2113196,39672705,19.2,18.55,-0.5,868.0,19.2,18.55
2015-05-05,3029,1076355,20008835,18.55,18.55,0.0,460.0,18.75,18.4
2015-05-06,3029,1604602,30454603,18.55,19.2,0.65,697.0,19.2,18.55
2015-05-07,3029,1272646,23885861,19.15,18.65,-0.55,537.0,19.15,18.6
2015-05-08,3029,2313263,42116484,18.6,18.0,-0.65,878.0,18.6,17.95
2015-05-11,3029,1922337,33411669,18.2,17.15,-0.85,741.0,18.4,17.05
2015-05-12,3029,973029,16869793,17.15,17.7,0.55,531.0,17.7,17.0
2015-05-13,3029,683019,12071323,17.5,17.65,-0.05,301.0,17.85,17.5
2015-05-14,3029,1480038,26714884,18.0,18.2,0.55,695.0,18.25,17.75
2015-05-15,3029,2161959,39736715,18.25,18.6,0.4,1041.0,18.65,17.9
2015-05-18,3029,866132,15873383,18.55,18.2,-0.4,515.0,18.6,18.15
2015-05-19,3029,599102,11037392,18.2,18.4,0.2,397.0,18.6,18.2
2015-05-20,3029,645000,11752600,18.4,18.35,-0.05,335.0,18.55,18.0
2015-05-21,3029,1456000,26995650,18.2,18.65,0.3,687.0,18.9,18.05
2015-05-22,3029,4125675,79146392,18.75,19.2,0.55,1809.0,19.45,18.55
2015-05-25,3029,2063604,39907385,19.2,19.15,-0.05,1048.0,19.7,18.95
2015-05-26,3029,1055009,20124221,19.15,18.95,-0.2,540.0,19.35,18.9
2015-05-27,3029,4346990,86390399,18.95,19.85,0.9,1862.0,20.2,18.95
2015-05-28,3029,2817030,56429947,20.15,19.75,-0.1,1277.0,20.3,19.75
2015-05-29,3029,2815990,56508800,19.75,20.1,0.35,1153.0,20.3,19.75
2015-06-01,3029,3573106,72917660,20.45,20.35,0.25,1522.0,20.65,20.1
2015-06-02,3029,2694300,53922481,20.3,19.85,-0.5,1125.0,20.35,19.85
2015-06-03,3029,2790300,56125334,20.0,19.8,-0.05,1118.0,20.35,19.8
2015-06-04,3029,4532441,91577425,20.0,20.0,0.2,1929.0,20.65,19.7
2015-06-05,3029,4964707,101410101,20.15,20.45,0.45,2039.0,20.65,20.1
2015-06-08,3029,3618058,74492462,20.85,20.3,-0.15,1440.0,20.9,20.3
2015-06-09,3029,4990024,97015499,20.25,18.8,-1.5,1823.0,20.25,18.65
2015-06-10,3029,1451000,28014100,19.2,19.3,0.5,641.0,19.5,19.0
2015-06-11,3029,1068674,20762040,19.45,19.35,0.05,518.0,19.55,19.3
2015-06-12,3029,2901919,58318818,19.45,20.15,0.8,1213.0,20.4,19.45
2015-06-15,3029,3241531,66281455,20.3,20.25,0.1,1333.0,20.75,20.05
2015-06-16,3029,4017723,82308735,20.45,20.7,0.45,1582.0,20.8,20.05
2015-06-17,3029,14474870,324043740,20.9,22.75,2.05,4367.0,22.75,20.9
2015-06-18,3029,18003764,432821135,23.6,23.95,1.2,7438.0,24.75,23.35
2015-06-22,3029,17442453,447091457,25.0,26.3,2.35,6258.0,26.3,24.25
2015-06-23,3029,16836387,443346249,26.5,26.6,0.3,7370.0,26.85,25.55
2015-06-24,3029,16000523,441303465,27.0,27.0,0.4,6647.0,28.35,26.8
2015-06-25,3029,9312209,250703419,27.3,26.9,-0.1,3703.0,27.4,26.35
2015-06-26,3029,19565340,563765083,27.5,29.55,2.65,7864.0,29.55,27.5
2015-06-29,3029,15599280,438313120,29.0,27.8,-1.75,6642.0,29.2,27.1
2015-06-30,3029,13087083,371174349,28.8,27.85,0.05,5839.0,29.1,27.6
2015-07-01,3029,13513807,364658575,27.7,26.6,-1.25,5783.0,28.2,26.2
2015-07-02,3029,8507863,229007589,26.7,26.6,0.0,3858.0,27.55,26.25
2015-07-03,3029,7494524,201112201,26.7,26.5,-0.1,3376.0,27.35,26.3
2015-07-06,3029,18986591,531811867,27.0,27.45,0.95,8182.0,28.8,26.95
2015-07-07,3029,12075453,320417003,27.9,25.85,-1.6,5574.0,27.95,25.6
2015-07-08,3029,12192331,312858417,26.05,25.9,0.05,5587.0,26.45,24.65
2015-07-09,3029,16346831,435399668,25.9,27.7,1.8,7561.0,28.15,24.1
2015-07-13,3029,10970002,305559350,28.5,27.4,-0.3,4953.0,28.55,27.2
2015-07-14,3029,23469530,663235335,27.65,27.05,-0.35,10627.0,29.55,26.7
2015-07-15,3029,10456200,281482496,27.1,26.75,-0.3,5001.0,27.5,26.4
2015-07-16,3029,9644127,264748656,27.1,27.25,0.5,4693.0,28.0,26.9
2015-07-17,3029,10282300,286035537,27.6,27.45,0.2,4936.0,28.4,27.3
2015-07-20,3029,10482601,278248551,27.75,25.65,-1.8,5075.0,28.1,25.6
2015-07-21,3029,7723253,195259658,25.75,24.85,-0.8,3780.0,26.0,24.85
2015-07-22,3029,4757619,118840649,24.45,24.8,-0.05,2381.0,25.5,24.35
2015-07-23,3029,7611325,182825385,24.8,23.35,-1.45,3599.0,25.3,23.2
2015-07-24,3029,4881403,113913295,23.5,22.9,-0.45,2400.0,23.85,22.8
2015-07-27,3029,5766787,126956041,22.9,21.0,-1.9,2544.0,23.35,20.8
2015-07-28,3029,6766156,148996876,21.5,23.05,2.05,3555.0,23.05,21.05
2015-07-29,3029,5209476,117951603,23.2,22.5,-0.55,2484.0,23.3,22.05
2015-07-30,3029,5833120,134551496,22.6,22.75,0.25,2856.0,23.65,22.4
2015-07-31,3029,4182353,92727916,22.85,21.8,-0.95,2045.0,22.95,21.8
2015-08-03,3029,4500795,94521250,21.55,20.5,-1.3,1932.0,21.6,20.5
2015-08-04,3029,5472190,112618965,20.8,20.05,-0.45,2569.0,21.2,19.85
2015-08-05,3029,4211617,85821707,20.15,20.6,0.55,1844.0,20.75,19.8
2015-08-06,3029,7383230,156576830,21.3,21.0,0.4,3424.0,21.65,20.8
2015-08-07,3029,3634001,77127473,20.8,21.45,0.45,1752.0,21.5,20.6
2015-08-10,3029,4406206,96316111,21.55,22.15,0.7,2163.0,22.4,21.05
2015-08-11,3029,8218608,173913060,22.0,19.95,-2.2,3862.0,22.0,19.95
2015-08-12,3029,3501120,69376105,19.9,19.6,-0.35,1696.0,20.2,19.3
2015-08-13,3029,2755530,54408500,19.9,19.6,0.0,1345.0,20.15,19.4
2015-08-14,3029,2873181,55544825,19.75,19.05,-0.55,1419.0,19.85,18.9
2015-08-17,3029,3167173,58735747,19.05,18.05,-1.0,1597.0,19.2,18.05
2015-08-18,3029,3475201,63107138,18.25,17.7,-0.35,1569.0,18.55,17.7
2015-08-19,3029,2860212,49853709,17.85,17.2,-0.5,1268.0,17.95,17.0
2015-08-20,3029,3105085,55132705,17.2,18.15,0.95,1527.0,18.25,17.2
2015-08-21,3029,3121006,53926719,17.25,17.05,-1.1,1430.0,17.65,17.0
2015-08-24,3029,3592565,55613363,15.7,15.35,-1.7,1455.0,16.2,15.35
2015-08-25,3029,3506587,50641413,13.65,14.75,0.0,1642.0,15.0,13.65
2015-08-26,3029,2256040,33052611,14.65,14.75,0.0,1018.0,14.95,14.3
2015-08-27,3029,4016396,62196593,15.0,15.45,0.7,1802.0,15.8,15.0
2015-08-28,3029,3393700,53683768,15.9,15.75,0.3,1382.0,16.15,15.6
2015-08-31,3029,1312652,20541607,15.75,15.65,-0.1,673.0,15.8,15.5
2015-09-01,3029,1767015,27737744,15.6,15.65,0.0,803.0,15.95,15.55
2015-09-02,3029,1929570,29872070,15.45,15.75,0.1,929.0,15.8,15.1
2015-09-03,3029,3939200,66672610,15.95,17.3,1.55,1615.0,17.3,15.95
2015-09-04,3029,9746778,175909617,17.8,17.7,0.4,3885.0,18.5,17.6
2015-09-07,3029,1986002,34643136,17.5,17.45,-0.25,1012.0,17.8,17.15
2015-09-08,3029,2390300,42541152,17.55,17.6,0.15,1265.0,18.15,17.5
2015-09-09,3029,6074306,112068345,18.0,18.4,0.8,2679.0,18.85,17.85
2015-09-10,3029,2107000,38586250,18.1,18.25,-0.15,971.0,18.55,18.1
2015-09-11,3029,4850000,91277900,18.35,18.65,0.4,2269.0,19.4,18.3
2015-09-14,3029,2337300,43296970,18.9,18.3,-0.35,1059.0,19.1,18.3
2015-09-15,3029,1987009,36084362,18.5,18.0,-0.3,913.0,18.65,17.9
2015-09-16,3029,3219009,59515062,18.35,18.2,0.2,1492.0,18.8,18.2
2015-09-17,3029,2744792,50092589,18.4,18.3,0.1,1174.0,18.55,18.0
2015-09-18,3029,6411300,120743679,18.55,18.7,0.4,2745.0,19.2,18.4
2015-09-21,3029,2327385,42796424,18.45,18.25,-0.45,955.0,18.65,18.25
2015-09-22,3029,2371000,43946500,18.6,18.4,0.15,1005.0,18.7,18.4
2015-09-23,3029,3369928,62388041,18.3,18.25,-0.15,1473.0,18.95,18.2
2015-09-24,3029,10207499,195257076,18.7,18.65,0.4,4552.0,19.8,18.6
2015-09-25,3029,4123750,78312380,19.05,18.9,0.25,2123.0,19.2,18.75
2015-09-30,3029,2477580,45762427,18.7,18.45,-0.45,1319.0,18.7,18.25
2015-10-01,3029,3216411,61019745,18.75,18.8,0.35,1693.0,19.25,18.75
2015-10-02,3029,4255671,82170399,19.4,19.0,0.2,2038.0,19.65,19.0
2015-10-05,3029,3309216,63866945,19.35,19.2,0.2,1439.0,19.55,19.15
2015-10-06,3029,8269874,170130870,19.5,21.1,1.9,3213.0,21.1,19.45
2015-10-07,3029,13811250,294998089,21.3,21.4,0.3,5349.0,21.7,20.95
2015-10-08,3029,6462802,134243531,21.8,20.2,-1.2,2760.0,21.85,20.15
2015-10-12,3029,4128480,84930075,20.45,20.5,0.3,1740.0,20.9,20.3
2015-10-13,3029,3357515,69645236,20.35,20.7,0.2,1555.0,21.05,20.35
2015-10-14,3029,3437331,71379305,20.7,20.6,-0.1,1380.0,20.95,20.55
2015-10-15,3029,3943794,82395101,20.8,20.55,-0.05,1620.0,21.2,20.55
2015-10-16,3029,2340875,47996847,20.7,20.25,-0.3,1123.0,20.85,20.25
2015-10-19,3029,2192237,44553261,20.4,20.25,0.0,998.0,20.5,20.15
2015-10-20,3029,1463228,29783075,20.35,20.35,0.1,711.0,20.45,20.3
2015-10-21,3029,9887055,210157688,20.5,21.3,0.95,4508.0,21.75,20.45
2015-10-22,3029,2923795,61518925,21.3,20.95,-0.35,1382.0,21.45,20.8
2015-10-23,3029,2372072,49651027,21.3,20.7,-0.25,1162.0,21.35,20.7
2015-10-26,3029,3068889,64646966,20.9,20.85,0.15,1395.0,21.3,20.8
2015-10-27,3029,4062589,86589668,21.0,21.1,0.25,1839.0,21.55,20.9
2015-10-28,3029,1899854,39842541,21.2,20.85,-0.25,903.0,21.25,20.8
2015-10-29,3029,2333967,48261168,21.0,20.35,-0.5,1099.0,21.2,20.3
2015-10-30,3029,3842746,75543397,20.45,19.65,-0.7,1769.0,20.5,19.2
2015-11-02,3029,6530238,134497659,19.75,21.1,1.45,2685.0,21.15,19.65
2015-11-03,3029,4211343,88856954,21.35,20.9,-0.2,1705.0,21.4,20.9
2015-11-04,3029,2557123,53878349,21.25,20.85,-0.05,1214.0,21.35,20.85
2015-11-05,3029,2854279,58262717,20.5,20.35,-0.5,1409.0,20.8,20.2
2015-11-06,3029,1724363,35061089,20.5,20.1,-0.25,939.0,20.65,20.1
2015-11-09,3029,2048046,40562883,20.1,19.5,-0.6,955.0,20.45,19.5
2015-11-10,3029,1240705,24598532,19.8,19.8,0.3,679.0,20.0,19.55
2015-11-11,3029,1473828,29048540,19.85,19.5,-0.3,737.0,20.1,19.5
2015-11-12,3029,1171206,22605768,19.6,19.35,-0.15,601.0,19.85,19.0
2015-11-13,3029,1769184,33866236,19.0,19.25,-0.1,845.0,19.35,18.9
2015-11-16,3029,900945,17044009,18.8,18.95,-0.3,492.0,19.1,18.65
2015-11-17,3029,1222102,23566589,19.2,19.1,0.15,628.0,19.45,19.1
2015-11-18,3029,1075729,20689598,19.3,19.05,-0.05,566.0,19.5,19.0
2015-11-19,3029,3216878,63983571,19.45,19.8,0.75,1706.0,20.4,19.2
2015-11-20,3029,1282618,25348646,19.8,19.5,-0.3,663.0,20.15,19.5
2015-11-23,3029,997103,19461639,19.5,19.4,-0.1,444.0,19.75,19.35
2015-11-24,3029,1038864,19982516,19.5,19.0,-0.4,580.0,19.75,19.0
2015-11-25,3029,1483957,27687346,19.0,18.5,-0.5,770.0,19.2,18.4
2015-11-26,3029,932856,17550274,18.7,18.8,0.3,522.0,18.95,18.7
2015-11-27,3029,864278,16102286,18.9,18.55,-0.25,440.0,18.95,18.45
2015-11-30,3029,869248,15849132,18.5,18.25,-0.3,449.0,18.5,18.15
2015-12-01,3029,1560814,29244827,18.35,18.95,0.7,892.0,19.05,18.25
2015-12-02,3029,4005743,78232529,19.1,19.65,0.7,1842.0,19.85,18.95
2015-12-03,3029,1254054,24527835,19.65,19.3,-0.35,665.0,19.75,19.3
2015-12-04,3029,1433367,27206223,18.5,19.05,-0.25,647.0,19.3,18.5
2015-12-07,3029,748501,14386439,19.25,19.15,0.1,398.0,19.45,19.1
2015-12-08,3029,737776,13979266,19.2,18.85,-0.3,435.0,19.3,18.8
2015-12-09,3029,1400329,25777498,18.9,18.25,-0.6,727.0,19.0,18.2
2015-12-10,3029,812278,14670925,18.25,18.1,-0.15,478.0,18.3,17.8
2015-12-11,3029,1001065,18014624,18.25,17.55,-0.55,522.0,18.4,17.55
2015-12-14,3029,884704,15141675,17.15,17.0,-0.55,538.0,17.3,16.8
2015-12-15,3029,719821,12403502,17.25,17.25,0.25,396.0,17.35,17.05
2015-12-16,3029,718426,12504355,17.45,17.4,0.15,365.0,17.55,17.3
2015-12-17,3029,701814,12459586,17.5,17.85,0.45,502.0,17.9,17.5
2015-12-18,3029,739908,13241986,17.85,17.75,-0.1,433.0,18.1,17.7
2015-12-21,3029,737220,13305216,17.6,18.05,0.3,390.0,18.2,17.6
2015-12-22,3029,1579918,28987740,18.25,18.35,0.3,786.0,18.65,17.85
2015-12-23,3029,975712,17801430,18.4,17.9,-0.45,495.0,18.6,17.9
2015-12-24,3029,535171,9587917,18.1,17.8,-0.1,305.0,18.2,17.8
2015-12-25,3029,1057303,19268061,17.8,18.15,0.35,617.0,18.5,17.8
2015-12-28,3029,462951,8397868,18.25,18.0,-0.15,275.0,18.35,18.0
2015-12-29,3029,489564,8738279,18.15,17.8,-0.2,286.0,18.15,17.75
2015-12-30,3029,402479,7183195,17.95,17.75,-0.05,221.0,18.0,17.75
2015-12-31,3029,264177,4711847,17.75,17.85,0.1,172.0,17.9,17.75
2016-01-04,3029,607203,10708692,18.0,17.5,-0.35,362.0,18.0,17.4
2016-01-05,3029,672460,11652108,17.5,17.25,-0.25,357.0,17.55,17.15
2016-01-06,3029,947502,16086602,17.3,16.85,-0.4,535.0,17.35,16.75
2016-01-07,3029,1454313,24451170,17.2,16.7,-0.15,730.0,17.25,16.15
2016-01-08,3029,722872,12251336,16.6,17.15,0.45,417.0,17.15,16.5
2016-01-11,3029,1082613,18185897,17.15,16.65,-0.5,558.0,17.15,16.55
2016-01-12,3029,1091224,17984663,16.9,16.0,-0.65,514.0,16.9,15.6
2016-01-13,3029,838477,13682698,16.5,16.15,0.15,458.0,16.55,16.05
2016-01-14,3029,1140897,17822337,15.85,15.5,-0.65,570.0,15.9,15.4
2016-01-15,3029,744541,11655426,15.8,15.5,0.0,399.0,15.9,15.4
2016-01-18,3029,851447,13360552,15.15,16.05,0.55,489.0,16.15,15.1
2016-01-19,3029,742934,12096978,16.1,16.45,0.4,423.0,16.5,16.0
2016-01-20,3029,781991,12594201,16.45,15.9,-0.55,396.0,16.45,15.8
2016-01-21,3029,491830,7888344,15.9,16.05,0.15,265.0,16.2,15.9
2016-01-22,3029,345690,5565023,16.3,16.05,0.0,209.0,16.35,15.95
2016-01-25,3029,435200,7092206,16.3,16.3,0.25,221.0,16.35,16.2
2016-01-26,3029,251218,4088688,16.2,16.35,0.05,165.0,16.4,16.1
2016-01-27,3029,444161,7250855,16.5,16.1,-0.25,256.0,16.55,16.1
2016-01-28,3029,2427373,41341841,16.05,17.0,0.9,1275.0,17.5,16.05
2016-01-29,3029,1180518,20345603,17.05,17.1,0.1,630.0,17.4,17.0
2016-01-30,3029,1091240,19133408,17.35,17.4,0.3,584.0,17.7,17.3
2016-02-01,3029,1133500,20075192,17.6,17.6,0.2,576.0,17.95,17.45
2016-02-02,3029,358366,6260346,17.7,17.4,-0.2,223.0,17.7,17.35
2016-02-03,3029,605985,10367640,17.3,17.05,-0.35,340.0,17.3,17.0
2016-02-15,3029,482827,8149798,16.7,16.9,-0.15,283.0,17.05,16.7
2016-02-16,3029,472951,8125402,17.05,17.3,0.4,301.0,17.3,17.05
2016-02-17,3029,1059707,18561505,17.5,17.3,0.0,553.0,17.75,17.3
2016-02-18,3029,890401,15728308,17.45,17.45,0.15,499.0,17.95,17.45
2016-02-19,3029,990004,17589555,17.55,17.6,0.15,536.0,17.95,17.55
2016-02-22,3029,432059,7634430,17.8,17.65,0.05,263.0,17.85,17.5
2016-02-23,3029,552881,9786594,17.8,17.65,0.0,278.0,17.85,17.6
2016-02-24,3029,2280746,41144821,17.65,18.0,0.35,1092.0,18.35,17.55
2016-02-25,3029,1932611,35292998,18.1,18.0,0.0,827.0,18.55,18.0
2016-02-26,3029,1208462,22094235,18.3,18.05,0.05,622.0,18.5,18.05
2016-03-01,3029,1149023,21038446,18.1,18.5,0.45,554.0,18.5,18.1
2016-03-02,3029,1585195,29507672,18.6,18.5,0.0,751.0,18.85,18.5
2016-03-03,3029,1177745,21677697,18.7,18.2,-0.3,581.0,18.7,18.2
2016-03-04,3029,1457437,27044368,18.35,18.5,0.3,801.0,18.75,18.2
2016-03-07,3029,1083343,20228201,18.55,18.55,0.05,523.0,18.85,18.55
2016-03-08,3029,622362,11618580,18.6,18.6,0.05,381.0,18.85,18.5
2016-03-09,3029,6902911,136633101,18.7,19.35,0.75,3035.0,20.2,18.7
2016-03-10,3029,1528813,29807109,19.5,19.4,0.05,809.0,19.8,19.3
2016-03-11,3029,1073582,20596939,19.4,19.1,-0.3,566.0,19.45,19.0
2016-03-14,3029,1440184,27480996,19.3,19.1,0.0,671.0,19.4,18.9
2016-03-15,3029,1490669,27884672,19.1,18.4,-0.7,740.0,19.2,18.4
2016-03-16,3029,787258,14671016,18.5,18.55,0.15,424.0,18.75,18.5
2016-03-17,3029,2067390,39468593,18.9,18.75,0.2,905.0,19.7,18.75
2016-03-18,3029,557901,10460040,18.75,18.7,-0.05,336.0,18.9,18.65
2016-03-21,3029,592255,11191421,18.85,18.9,0.2,301.0,19.0,18.7
2016-03-22,3029,723397,13668460,19.1,18.7,-0.2,375.0,19.1,18.7
2016-03-23,3029,640347,12031456,18.85,18.6,-0.1,346.0,19.0,18.6
2016-03-24,3029,511649,9510346,18.6,18.55,-0.05,271.0,18.7,18.4
2016-03-25,3029,502828,9320448,18.55,18.55,0.0,242.0,18.8,18.45
2016-03-28,3029,463243,8540807,18.6,18.25,-0.3,249.0,18.7,18.25
2016-03-29,3029,1140699,20314288,18.15,17.75,-0.5,539.0,18.2,17.6
2016-03-30,3029,491442,8872496,17.8,18.2,0.45,311.0,18.2,17.8
2016-03-31,3029,398216,7194405,18.25,17.95,-0.25,211.0,18.35,17.85
2016-04-01,3029,257778,4605704,17.95,17.9,-0.05,184.0,18.05,17.8
2016-04-06,3029,482135,8503872,17.8,17.6,-0.3,338.0,17.8,17.55
2016-04-07,3029,385362,6829748,17.65,17.7,0.1,208.0,17.9,17.65
2016-04-08,3029,859368,15588384,17.9,18.05,0.35,454.0,18.35,17.9
2016-04-11,3029,540288,9781984,18.2,18.1,0.05,387.0,18.3,18.0
2016-04-12,3029,745800,13339890,18.2,17.6,-0.5,331.0,18.2,17.6
2016-04-13,3029,401527,7146004,17.75,17.75,0.15,220.0,17.9,17.7
2016-04-14,3029,355632,6369717,17.85,17.85,0.1,198.0,18.0,17.85
2016-04-15,3029,1902874,34442357,17.95,18.25,0.4,663.0,18.45,17.75
2016-04-18,3029,739097,13422496,18.25,18.1,-0.15,295.0,18.25,18.05
2016-04-19,3029,1265724,23066403,18.25,17.9,-0.2,515.0,18.6,17.9
2016-04-20,3029,638731,11496814,18.15,17.85,-0.05,316.0,18.25,17.8
2016-04-21,3029,525607,9418551,18.15,17.85,0.0,232.0,18.15,17.75
2016-04-22,3029,641068,11332840,17.9,17.7,-0.15,301.0,18.0,17.5
2016-04-25,3029,337794,5973871,17.7,17.6,-0.1,196.0,17.8,17.6
2016-04-26,3029,433927,7642711,17.6,17.7,0.1,207.0,17.75,17.45
2016-04-27,3029,321975,5692400,17.7,17.65,-0.05,160.0,17.8,17.6
2016-04-28,3029,1380626,23668674,17.6,17.0,-0.65,673.0,17.6,16.85
2016-04-29,3029,509153,8648701,16.95,17.0,0.0,213.0,17.15,16.9
2016-05-03,3029,573121,9587313,17.0,16.65,-0.35,296.0,17.0,16.6
2016-05-04,3029,434853,7207314,16.65,16.5,-0.15,177.0,16.7,16.4
2016-05-05,3029,336206,5564817,16.55,16.6,0.1,171.0,16.7,16.45
2016-05-06,3029,1007365,16276649,16.55,16.15,-0.45,437.0,16.55,16.0
2016-05-09,3029,1248219,20327104,16.2,16.0,-0.15,428.0,16.5,16.0
2016-05-10,3029,353253,5665759,16.05,16.05,0.05,171.0,16.15,15.95
2016-05-11,3029,301855,4863035,16.25,16.0,-0.05,157.0,16.25,16.0
2016-05-12,3029,310718,4950238,16.0,15.8,-0.2,167.0,16.1,15.75
2016-05-13,3029,683486,10581130,15.8,15.4,-0.4,305.0,15.8,15.2
2016-05-16,3029,287081,4442771,15.35,15.6,0.2,161.0,15.65,15.25
2016-05-17,3029,367487,5870342,15.75,16.1,0.5,232.0,16.25,15.7
2016-05-18,3029,147192,2358578,16.05,16.05,-0.05,110.0,16.1,15.95
2016-05-19,3029,188361,2987670,16.05,15.85,-0.2,101.0,16.05,15.75
2016-05-20,3029,190574,3023023,15.8,15.9,0.05,104.0,16.0,15.8
2016-05-23,3029,233715,3780815,15.9,16.25,0.35,170.0,16.3,15.85
2016-05-24,3029,176150,2880289,16.3,16.35,0.1,121.0,16.45,16.25
2016-05-25,3029,400529,6616175,16.45,16.6,0.25,244.0,16.6,16.45
2016-05-26,3029,269204,4485584,16.6,16.7,0.1,161.0,16.75,16.55
2016-05-27,3029,237435,3957474,16.8,16.6,-0.1,134.0,16.85,16.6
2016-05-30,3029,274797,4540848,16.55,16.5,-0.1,159.0,16.7,16.45
2016-05-31,3029,492610,8176782,16.5,16.7,0.2,183.0,16.95,16.35
2016-06-01,3029,401744,6734532,16.7,16.75,0.05,229.0,16.9,16.7
2016-06-02,3029,802502,13619427,16.95,16.7,-0.05,423.0,17.2,16.7
2016-06-03,3029,816202,14012619,17.0,16.95,0.25,472.0,17.5,16.95
2016-06-04,3029,178300,3031959,16.95,17.05,0.1,94.0,17.05,16.95
2016-06-06,3029,420731,7195712,17.25,17.05,0.0,225.0,17.25,16.95
2016-06-07,3029,350017,6003239,17.4,17.05,0.0,209.0,17.4,17.0
2016-06-08,3029,172324,2927898,17.05,16.85,-0.2,138.0,17.15,16.85
2016-06-13,3029,282005,4664480,16.85,16.45,-0.4,180.0,16.85,16.45
2016-06-14,3029,221480,3652692,16.4,16.4,-0.05,144.0,16.65,16.4
2016-06-15,3029,222202,3677730,16.55,16.5,0.1,140.0,16.65,16.45
2016-06-16,3029,275284,4505049,16.5,16.3,-0.2,172.0,16.55,16.3
2016-06-17,3029,313406,5163017,16.55,16.4,0.1,182.0,16.6,16.35
2016-06-20,3029,255094,4233312,16.5,16.65,0.25,156.0,16.7,16.45
2016-06-21,3029,254644,4230222,16.75,16.55,-0.1,172.0,16.75,16.5
2016-06-22,3029,788231,13296525,16.65,16.95,0.4,409.0,17.1,16.55
2016-06-23,3029,283813,4796853,17.0,16.85,-0.1,156.0,17.0,16.8
2016-06-24,3029,480121,7838309,16.85,16.2,-0.65,307.0,16.85,16.0
2016-06-27,3029,234236,3795559,16.2,16.15,-0.05,144.0,16.35,16.05
2016-06-28,3029,194445,3167199,16.3,16.3,0.15,128.0,16.35,16.15
2016-06-29,3029,263775,4350807,16.4,16.45,0.15,181.0,16.75,16.4
2016-06-30,3029,232487,3845507,16.6,16.55,0.1,150.0,16.6,16.5
2016-07-01,3029,325300,5409199,16.75,16.6,0.05,171.0,16.8,16.5
2016-07-04,3029,337423,5600944,16.6,16.55,-0.05,150.0,16.7,16.5
2016-07-05,3029,187376,3122627,16.7,16.7,0.15,147.0,16.7,16.6
2016-07-06,3029,1992873,34437691,16.95,17.15,0.45,1106.0,17.65,16.95
2016-07-07,3029,596323,10293205,17.35,17.2,0.05,350.0,17.45,17.1
2016-07-11,3029,453589,7788029,17.35,17.05,-0.15,279.0,17.35,17.05
2016-07-12,3029,391257,6688619,17.0,17.05,0.0,206.0,17.2,17.0
2016-07-13,3029,323710,5540639,17.25,17.1,0.05,219.0,17.3,17.05
2016-07-14,3029,4545294,81609979,17.2,17.65,0.55,2073.0,18.25,17.2
2016-07-15,3029,1077258,19173075,17.8,17.85,0.2,481.0,17.9,17.7
2016-07-18,3029,1071218,19292533,18.1,17.95,0.1,499.0,18.2,17.85
2016-07-19,3029,511933,9178553,18.15,17.9,-0.05,286.0,18.15,17.8
2016-07-20,3029,2654416,47859857,17.85,18.2,0.3,1064.0,18.35,17.6
2016-07-21,3029,1817564,33216453,18.2,18.1,-0.1,890.0,18.45,18.1
2016-07-22,3029,3371961,61932484,18.15,18.25,0.15,1188.0,18.5,18.15
2016-07-25,3029,1552273,28164364,18.35,18.0,-0.25,745.0,18.55,17.85
2016-07-26,3029,320400,5765500,18.05,18.0,0.0,174.0,18.1,17.9
2016-07-27,3029,1073988,19480481,18.05,17.9,-0.1,439.0,18.3,17.9
2016-07-28,3029,572210,10160911,17.9,17.7,-0.2,333.0,18.0,17.6
2016-07-29,3029,316333,5610835,17.7,17.7,0.0,210.0,17.95,17.6
2016-08-01,3029,356985,6348970,17.8,17.9,0.2,221.0,17.9,17.65
2016-08-02,3029,445894,8020742,18.0,18.05,0.15,271.0,18.05,17.9
2016-08-03,3029,238931,4274668,17.95,17.85,-0.2,174.0,17.95,17.8
2016-08-04,3029,1072557,19491680,18.1,18.1,0.25,526.0,18.35,18.05
2016-08-05,3029,970249,17669902,18.15,18.1,0.0,453.0,18.35,18.1
2016-08-08,3029,1588849,29164339,18.2,18.3,0.2,685.0,18.5,18.2
2016-08-09,3029,750798,13694981,18.4,18.1,-0.2,337.0,18.45,18.1
2016-08-10,3029,518391,9395538,18.15,18.1,0.0,265.0,18.25,18.05
2016-08-11,3029,744757,13259601,18.1,17.8,-0.3,388.0,18.15,17.4
2016-08-12,3029,402192,7141805,17.8,17.75,-0.05,215.0,18.0,17.65
2016-08-15,3029,387300,6959002,17.85,18.0,0.25,261.0,18.1,17.75
2016-08-16,3029,292430,5255489,18.2,17.9,-0.1,190.0,18.2,17.85
2016-08-17,3029,437592,7862290,17.9,17.9,0.0,201.0,18.1,17.9
2016-08-18,3029,398936,7194190,18.0,18.05,0.15,206.0,18.1,17.9
2016-08-19,3029,577213,10430711,18.15,18.05,0.0,290.0,18.2,17.95
2016-08-22,3029,412816,7384481,18.05,17.85,-0.2,244.0,18.05,17.8
2016-08-23,3029,870396,15535912,17.85,17.75,-0.1,332.0,17.95,17.75
2016-08-24,3029,1202305,21398399,17.85,17.85,0.1,556.0,17.9,17.7
2016-08-25,3029,985497,16764749,16.9,16.95,0.0,493.0,17.15,16.9
2016-08-26,3029,376163,6399271,17.05,17.0,0.05,228.0,17.05,16.95
2016-08-29,3029,315505,5315043,17.05,16.85,-0.15,274.0,17.05,16.75
2016-08-30,3029,279418,4728424,16.95,16.85,0.0,238.0,17.0,16.85
2016-08-31,3029,308819,5189323,16.95,16.75,-0.1,223.0,16.95,16.75
2016-09-01,3029,143131,2400656,16.8,16.7,-0.05,103.0,16.9,16.7
2016-09-02,3029,510151,8484060,16.7,16.65,-0.05,226.0,16.8,16.5
2016-09-05,3029,521594,8769023,16.7,16.95,0.3,215.0,17.0,16.65
2016-09-06,3029,1506230,25825918,17.0,17.1,0.15,544.0,17.25,17.0
2016-09-07,3029,464920,7908629,17.1,17.1,0.0,221.0,17.15,16.95
2016-09-08,3029,327451,5598510,17.15,17.1,0.0,190.0,17.2,17.05
2016-09-09,3029,2109983,37113245,17.6,17.55,0.45,964.0,17.75,17.45
2016-09-10,3029,935900,16105339,17.3,17.2,-0.35,412.0,17.35,17.15
2016-09-12,3029,510151,8815731,17.25,17.1,-0.1,265.0,17.4,17.1
2016-09-13,3029,495708,8508236,17.5,17.0,-0.1,250.0,17.5,16.95
2016-09-14,3029,229413,3893373,17.1,16.95,-0.05,147.0,17.1,16.9
2016-09-19,3029,243137,4160435,17.15,17.15,0.2,145.0,17.2,17.05
2016-09-20,3029,301837,5170808,17.15,17.1,-0.05,131.0,17.2,17.05
2016-09-21,3029,293284,4988289,17.0,17.1,0.0,169.0,17.1,16.95
2016-09-22,3029,532289,9177139,17.2,17.3,0.2,314.0,17.35,17.15
2016-09-23,3029,295337,5103307,17.4,17.2,-0.1,178.0,17.4,17.2
2016-09-26,3029,146889,2514400,17.2,17.1,-0.1,96.0,17.25,17.1
2016-09-29,3029,223790,3834705,17.15,17.15,0.05,123.0,17.25,17.05
2016-09-30,3029,291912,4969996,17.1,17.05,-0.1,133.0,17.15,16.95
2016-10-03,3029,179156,3057652,17.05,17.05,0.0,109.0,17.2,17.0
2016-10-04,3029,208158,3553386,17.15,17.1,0.05,139.0,17.15,17.0
2016-10-05,3029,2602960,45767546,17.15,17.85,0.75,1200.0,17.9,17.15
2016-10-06,3029,1397235,24878692,18.0,17.75,-0.1,659.0,18.05,17.6
2016-10-07,3029,1690106,29016779,17.25,17.1,-0.65,764.0,17.3,17.05
2016-10-11,3029,1312559,21719271,17.1,16.5,-0.6,653.0,17.15,16.2
2016-10-12,3029,537287,8900760,16.35,16.7,0.2,287.0,16.9,16.25
2016-10-13,3029,403032,6648980,16.65,16.5,-0.2,216.0,16.8,16.4
2016-10-14,3029,258576,4254550,16.55,16.4,-0.1,155.0,16.6,16.35
2016-10-17,3029,261628,4285182,16.55,16.35,-0.05,125.0,16.55,16.3
2016-10-18,3029,186200,3044290,16.4,16.3,-0.05,93.0,16.45,16.3
2016-10-19,3029,307649,5057226,16.45,16.4,0.1,146.0,16.5,16.4
2016-10-20,3029,230648,3814025,16.45,16.55,0.15,131.0,16.6,16.4
2016-10-21,3029,254506,4202498,16.6,16.5,-0.05,133.0,16.65,16.45
2016-10-24,3029,188845,3121628,16.5,16.55,0.05,102.0,16.6,16.5
2016-10-25,3029,224786,3722462,16.65,16.5,-0.05,155.0,16.65,16.5
2016-10-26,3029,198002,3287279,16.6,16.55,0.05,111.0,16.65,16.55
2016-10-27,3029,154305,2546094,16.6,16.45,-0.1,82.0,16.6,16.45
2016-10-28,3029,130283,2139824,16.5,16.4,-0.05,80.0,16.5,16.35
2016-10-31,3029,3030579,52689783,17.45,17.25,0.85,1415.0,17.8,17.2
2016-11-01,3029,963015,16672555,17.3,17.35,0.1,374.0,17.4,17.25
2016-11-02,3029,1023600,17393636,17.35,16.9,-0.45,430.0,17.35,16.85
2016-11-03,3029,2128851,37056916,17.3,17.35,0.45,1095.0,17.7,17.25
2016-11-04,3029,761354,13168403,17.4,17.35,0.0,326.0,17.45,17.15
2016-11-07,3029,1148960,20161194,17.4,17.65,0.3,499.0,17.7,17.4
2016-11-08,3029,808988,14197887,17.75,17.45,-0.2,328.0,17.75,17.45
2016-11-09,3029,1726304,29431197,17.5,16.8,-0.65,635.0,17.6,16.65
2016-11-10,3029,1100506,19118199,17.25,17.55,0.75,457.0,17.55,17.15
2016-11-11,3029,1831556,32305636,17.6,17.85,0.3,811.0,17.95,17.2
2016-11-14,3029,1725081,30901407,17.85,18.05,0.2,816.0,18.05,17.7
2016-11-15,3029,933107,16689282,18.05,17.75,-0.3,439.0,18.1,17.65
2016-11-16,3029,533566,9491370,17.8,17.8,0.05,302.0,17.9,17.7
2016-11-17,3029,1731103,31421651,17.85,18.2,0.4,907.0,18.35,17.85
2016-11-18,3029,611764,11085370,18.1,18.1,-0.1,347.0,18.25,18.0
2016-11-21,3029,2060738,38213466,18.1,18.6,0.5,1049.0,18.85,18.1
2016-11-22,3029,1265527,23503342,18.6,18.4,-0.2,556.0,18.8,18.4
2016-11-23,3029,903101,16673294,18.4,18.3,-0.1,500.0,18.8,18.25
2016-11-24,3029,992674,18009235,18.25,18.05,-0.25,491.0,18.4,18.0
2016-11-25,3029,517567,9409960,18.1,18.25,0.2,277.0,18.3,18.1
2016-11-28,3029,1881337,34861011,18.2,18.75,0.5,808.0,18.75,18.2
2016-11-29,3029,4556851,87553555,19.1,18.8,0.05,1966.0,19.65,18.75
2016-11-30,3029,1405745,26203627,18.85,18.6,-0.2,614.0,18.95,18.45
2016-12-01,3029,624026,11608626,18.6,18.65,0.05,312.0,18.75,18.45
2016-12-02,3029,939587,17306810,18.5,18.35,-0.3,389.0,18.55,18.3
2016-12-05,3029,712365,13060542,18.35,18.25,-0.1,316.0,18.55,18.25
2016-12-06,3029,509601,9360890,18.45,18.4,0.15,287.0,18.45,18.3
2016-12-07,3029,1787675,31723105,18.0,17.75,-0.65,803.0,18.0,17.6
2016-12-08,3029,770503,13662970,17.8,17.75,0.0,353.0,17.85,17.6
2016-12-09,3029,454284,8095364,17.75,17.85,0.1,275.0,17.9,17.75
2016-12-12,3029,333243,5932430,17.85,17.75,-0.1,188.0,17.95,17.7
2016-12-13,3029,424487,7522416,17.7,17.8,0.05,233.0,17.8,17.6
2016-12-14,3029,340812,6082460,17.9,17.8,0.0,189.0,18.0,17.75
2016-12-15,3029,711303,12837663,17.8,18.0,0.2,369.0,18.2,17.75
2016-12-16,3029,271865,4900570,18.15,18.05,0.05,175.0,18.15,17.95
2016-12-19,3029,307410,5506288,17.95,17.85,-0.2,159.0,18.1,17.75
2016-12-20,3029,322243,5734550,17.8,17.8,-0.05,218.0,17.9,17.7
2016-12-21,3029,1072149,19349912,17.8,18.0,0.2,529.0,18.2,17.8
2016-12-22,3029,382353,6841262,18.1,17.85,-0.15,220.0,18.1,17.75
2016-12-23,3029,208555,3704294,17.85,17.75,-0.1,122.0,17.9,17.7
2016-12-26,3029,145015,2581507,17.9,17.75,0.0,99.0,17.9,17.75
2016-12-27,3029,125243,2230858,17.75,17.8,0.05,71.0,17.9,17.75
2016-12-28,3029,242608,4339978,17.8,18.0,0.2,147.0,18.0,17.8
2016-12-29,3029,153122,2743924,17.95,17.95,-0.05,85.0,17.95,17.85
2016-12-30,3029,286152,5147307,17.95,17.9,-0.05,151.0,18.1,17.9
2017-01-03,3029,375153,6716666,17.9,17.9,0.0,152.0,18.0,17.8
2017-01-04,3029,287513,5185484,18.0,18.1,0.2,196.0,18.1,17.95
2017-01-05,3029,1091857,20048492,18.1,18.25,0.15,544.0,18.5,18.1
2017-01-06,3029,3510587,66005217,18.9,18.5,0.25,1445.0,19.15,18.5
2017-01-09,3029,685821,12656745,18.65,18.4,-0.1,372.0,18.7,18.35
2017-01-10,3029,304634,5609347,18.55,18.35,-0.05,185.0,18.55,18.35
2017-01-11,3029,630650,11655323,18.4,18.45,0.1,308.0,18.6,18.35
2017-01-12,3029,520039,9577357,18.5,18.35,-0.1,235.0,18.5,18.3
2017-01-13,3029,322951,5940898,18.5,18.4,0.05,163.0,18.5,18.3
2017-01-16,3029,367221,6716868,18.4,18.2,-0.2,181.0,18.4,18.2
2017-01-17,3029,340269,6240291,18.3,18.3,0.1,197.0,18.5,18.25
2017-01-18,3029,510974,9338571,18.35,18.3,0.0,224.0,18.4,18.2
2017-01-19,3029,617906,11396765,18.35,18.4,0.1,304.0,18.6,18.3
2017-01-20,3029,378503,6929351,18.55,18.25,-0.15,226.0,18.55,18.15
2017-01-23,3029,408125,7438419,18.25,18.2,-0.05,205.0,18.3,18.15
2017-01-24,3029,1853299,34523223,18.25,18.6,0.4,669.0,18.85,18.2
2017-02-02,3029,710171,13149897,18.75,18.5,-0.1,343.0,18.75,18.4
2017-02-03,3029,735639,13641394,18.5,18.65,0.15,364.0,18.65,18.4
2017-02-06,3029,1663748,31433707,18.8,18.8,0.15,698.0,19.1,18.8
2017-02-07,3029,831475,15514520,18.75,18.65,-0.15,349.0,18.75,18.6
2017-02-08,3029,640022,11927724,18.7,18.65,0.0,344.0,18.75,18.55
2017-02-09,3029,569692,10572580,18.65,18.5,-0.15,287.0,18.7,18.5
2017-02-10,3029,816573,15100261,18.6,18.4,-0.1,335.0,18.65,18.4
2017-02-13,3029,463153,8529830,18.5,18.45,0.05,290.0,18.55,18.3
2017-02-14,3029,948685,17712419,18.5,18.6,0.15,482.0,18.85,18.5
2017-02-15,3029,754252,14136824,18.8,18.75,0.15,395.0,18.85,18.65
2017-02-16,3029,657699,12323214,18.85,18.7,-0.05,340.0,18.95,18.65
2017-02-17,3029,2369600,45208056,18.8,19.0,0.3,1171.0,19.4,18.7
2017-02-18,3029,2391756,46217419,19.3,19.3,0.3,990.0,19.6,19.1
2017-02-20,3029,2767127,54446526,19.5,19.3,0.0,1211.0,19.9,19.3
2017-02-21,3029,835193,16003602,19.4,19.25,-0.05,423.0,19.4,19.0
2017-02-22,3029,1121560,21782690,19.4,19.35,0.1,494.0,19.65,19.25
2017-02-23,3029,649017,12485673,19.3,19.1,-0.25,344.0,19.45,19.1
2017-02-24,3029,558784,10711507,19.2,19.3,0.2,282.0,19.35,19.05
2017-03-01,3029,4466785,89561790,19.5,19.7,0.4,2403.0,20.55,19.5
2017-03-02,3029,1781986,34815190,19.85,19.4,-0.3,966.0,19.95,19.2
2017-03-03,3029,972370,18838886,19.5,19.45,0.05,581.0,19.6,19.25
2017-03-06,3029,472658,9181551,19.5,19.3,-0.15,678.0,19.55,19.3
2017-03-07,3029,2000383,39610223,19.7,19.65,0.35,1154.0,20.05,19.55
2017-03-08,3029,601168,11821474,19.7,19.7,0.05,502.0,19.75,19.55
2017-03-09,3029,686381,13449584,19.85,19.55,-0.15,472.0,19.85,19.5
2017-03-10,3029,943934,18224175,19.6,19.3,-0.25,641.0,19.65,19.0
2017-03-13,3029,739609,14386711,19.4,19.4,0.1,593.0,19.6,19.35
2017-03-14,3029,2102907,41695828,19.5,19.8,0.4,1053.0,20.1,19.45
2017-03-15,3029,2429771,48897557,19.85,20.0,0.2,1128.0,20.45,19.7
2017-03-16,3029,1067260,21403400,20.3,20.0,0.0,659.0,20.3,19.9
2017-03-17,3029,1114940,22397250,20.2,20.15,0.15,555.0,20.2,19.95
2017-03-20,3029,2602993,53398115,20.35,20.35,0.2,1195.0,20.8,20.25
2017-03-21,3029,1740720,35076188,20.45,19.85,-0.5,734.0,20.5,19.85
2017-03-22,3029,1505885,29948150,19.85,20.05,0.2,717.0,20.25,19.65
2017-03-23,3029,1460581,29549770,20.2,20.1,0.05,745.0,20.45,20.1
2017-03-24,3029,781091,15645761,20.2,19.95,-0.15,448.0,20.25,19.95
2017-03-27,3029,998425,19818550,20.0,19.7,-0.25,583.0,20.05,19.65
2017-03-28,3029,1927935,37756122,19.8,19.4,-0.3,746.0,20.05,19.2
2017-03-29,3029,480545,9385351,19.45,19.55,0.15,352.0,19.6,19.45
2017-03-30,3029,695771,13576116,19.6,19.45,-0.1,417.0,19.7,19.4
2017-03-31,3029,658842,12973419,19.55,19.6,0.15,387.0,19.85,19.5
2017-04-05,3029,726096,14375132,19.65,19.75,0.15,534.0,19.95,19.65
2017-04-06,3029,380569,7516357,19.8,19.8,0.05,271.0,19.8,19.65
2017-04-07,3029,1187554,23091906,19.6,19.4,-0.4,576.0,19.65,19.3
2017-04-10,3029,475065,9218083,19.4,19.45,0.05,407.0,19.5,19.35
2017-04-11,3029,897728,17208147,19.45,19.05,-0.4,604.0,19.45,19.05
2017-04-12,3029,1084708,20379590,19.05,18.7,-0.35,661.0,19.1,18.65
2017-04-13,3029,1195330,22501478,18.6,18.95,0.25,389.0,19.1,18.6
2017-04-14,3029,917487,16986102,18.8,18.25,-0.7,446.0,18.95,18.25
2017-04-17,3029,505062,9174118,18.3,18.1,-0.15,256.0,18.4,18.05
2017-04-18,3029,240136,4383373,18.25,18.2,0.1,116.0,18.3,18.2
2017-04-19,3029,361015,6551570,18.3,18.1,-0.1,167.0,18.3,18.05
2017-04-20,3029,469322,8456546,18.1,18.05,-0.05,224.0,18.15,17.95
2017-04-21,3029,427087,7774723,18.05,18.15,0.1,192.0,18.35,18.05
2017-04-24,3029,375465,6821188,18.15,18.15,0.0,153.0,18.25,18.1
2017-04-25,3029,487006,8875856,18.25,18.25,0.1,176.0,18.3,18.15
2017-04-26,3029,309934,5673345,18.25,18.3,0.05,140.0,18.4,18.25
2017-04-27,3029,734144,13555438,18.45,18.45,0.15,381.0,18.55,18.4
2017-04-28,3029,362385,6668305,18.45,18.3,-0.15,208.0,18.5,18.3
2017-05-02,3029,458645,8409749,18.4,18.25,-0.05,203.0,18.5,18.25
2017-05-03,3029,988579,18450086,18.45,18.6,0.35,438.0,19.0,18.4
2017-05-04,3029,3011692,53392324,18.0,17.75,-0.85,1232.0,18.0,17.5
2017-05-05,3029,619184,10940852,17.8,17.65,-0.1,300.0,17.8,17.55
2017-05-08,3029,617431,10770649,17.65,17.35,-0.3,357.0,17.75,17.3
2017-05-09,3029,830568,14223234,17.35,17.05,-0.3,429.0,17.4,17.0
2017-05-10,3029,342243,5919749,17.0,17.4,0.35,214.0,17.45,17.0
2017-05-11,3029,281527,4873813,17.45,17.25,-0.15,164.0,17.45,17.2
2017-05-12,3029,193208,3347345,17.25,17.35,0.1,116.0,17.45,17.2
2017-05-15,3029,2496242,44690079,17.6,18.05,0.7,1169.0,18.1,17.55
2017-05-16,3029,587608,10479745,18.0,17.7,-0.35,328.0,18.1,17.65
2017-05-17,3029,295771,5255992,17.7,17.8,0.1,170.0,17.9,17.6
2017-05-18,3029,395391,6969717,17.65,17.55,-0.25,194.0,17.75,17.55
2017-05-19,3029,797961,14006765,17.6,17.55,0.0,269.0,17.75,17.45
2017-05-22,3029,417386,7307153,17.6,17.5,-0.05,148.0,17.6,17.4
2017-05-23,3029,749732,13381732,17.65,17.75,0.25,333.0,18.0,17.65
2017-05-24,3029,322833,5734041,17.85,17.7,-0.05,172.0,17.9,17.65
2017-05-25,3029,289266,5147931,17.7,17.85,0.15,150.0,17.85,17.7
2017-05-26,3029,328300,5863142,17.9,17.7,-0.15,173.0,17.95,17.7
2017-05-31,3029,213568,3770186,17.8,17.6,-0.1,121.0,17.8,17.6
2017-06-01,3029,201300,3561692,17.6,17.65,0.05,131.0,17.75,17.55
2017-06-02,3029,332162,5897698,17.85,17.75,0.1,178.0,17.85,17.7
2017-06-03,3029,299822,5325377,17.8,17.7,-0.05,160.0,17.85,17.7
2017-06-05,3029,537486,9522896,17.65,17.8,0.1,260.0,17.85,17.6
2017-06-06,3029,1681508,30310162,17.8,18.05,0.25,568.0,18.25,17.75
2017-06-07,3029,532599,9535898,18.1,17.8,-0.25,288.0,18.15,17.8
2017-06-08,3029,394245,7021072,18.0,17.7,-0.1,224.0,18.0,17.7
2017-06-09,3029,389339,6881764,17.7,17.6,-0.1,201.0,17.8,17.6
2017-06-12,3029,258455,4534600,17.6,17.6,0.0,158.0,17.6,17.5
2017-06-13,3029,176908,3112338,17.5,17.6,0.0,110.0,17.65,17.5
2017-06-14,3029,606745,10544912,17.6,17.3,-0.3,317.0,17.65,17.25
2017-06-15,3029,286319,4944649,17.3,17.25,-0.05,167.0,17.35,17.2
2017-06-16,3029,305728,5322641,17.25,17.4,0.15,156.0,17.5,17.25
2017-06-19,3029,154841,2699945,17.5,17.4,0.0,98.0,17.5,17.35
2017-06-20,3029,193059,3382024,17.4,17.5,0.1,115.0,17.6,17.4
2017-06-21,3029,220176,3853777,17.5,17.6,0.1,135.0,17.6,17.4
2017-06-22,3029,1833520,32570951,17.6,17.8,0.2,547.0,17.95,17.35
2017-06-23,3029,269284,4749432,17.85,17.55,-0.25,157.0,17.85,17.55
2017-06-26,3029,234872,4143458,17.6,17.6,0.05,138.0,17.7,17.55
2017-06-27,3029,266282,4717987,17.8,17.65,0.05,144.0,17.8,17.65
2017-06-28,3029,226588,4002632,17.7,17.6,-0.05,122.0,17.75,17.6
2017-06-29,3029,194323,3430101,17.75,17.6,0.0,113.0,17.75,17.6
2017-06-30,3029,2121347,38623094,17.6,18.2,0.6,1000.0,18.6,17.55
2017-07-03,3029,966303,17461854,18.15,18.0,-0.2,511.0,18.25,17.9
2017-07-04,3029,2637556,48221888,18.05,18.25,0.25,957.0,18.5,18.05
2017-07-05,3029,13099634,249791601,18.55,19.2,0.95,5317.0,19.45,18.5
2017-07-06,3029,2653330,50428894,19.05,19.05,-0.15,1224.0,19.15,18.85
2017-07-07,3029,6354289,123733416,19.55,19.2,0.15,2798.0,19.75,19.15
2017-07-10,3029,1591518,30505492,19.3,19.1,-0.1,695.0,19.45,19.05
2017-07-11,3029,1389586,26498369,19.25,18.9,-0.2,603.0,19.25,18.9
2017-07-12,3029,953716,18020606,18.9,18.8,-0.1,490.0,19.05,18.8
2017-07-13,3029,2008373,38369576,18.85,19.25,0.45,872.0,19.3,18.8
2017-07-14,3029,9935873,196779930,19.35,19.9,0.65,3896.0,20.3,19.35
2017-07-17,3029,2088960,41385357,19.9,19.85,-0.05,917.0,20.05,19.7
2017-07-18,3029,2751059,55280172,19.8,20.05,0.2,1326.0,20.4,19.7
2017-07-19,3029,1738620,34725338,20.25,19.75,-0.3,811.0,20.35,19.75
2017-07-20,3029,1128592,22275198,19.8,19.65,-0.1,578.0,19.9,19.6
2017-07-21,3029,845530,16561883,19.7,19.6,-0.05,434.0,19.75,19.5
2017-07-24,3029,686829,13394579,19.6,19.4,-0.2,375.0,19.7,19.4
2017-07-25,3029,921681,18104876,19.5,19.5,0.1,501.0,19.85,19.4
2017-07-26,3029,1415633,27721827,19.8,19.4,-0.1,531.0,19.85,19.4
2017-07-27,3029,871888,16982774,19.65,19.45,0.05,318.0,19.65,19.4
2017-07-28,3029,546689,10660813,19.4,19.45,0.0,248.0,19.6,19.4
2017-07-31,3029,2312377,45632483,19.5,19.75,0.3,771.0,19.85,19.4
2017-08-01,3029,1149183,22710136,19.85,19.65,-0.1,489.0,20.0,19.65
2017-08-02,3029,12930390,267336849,19.8,20.9,1.25,5277.0,21.3,19.7
2017-08-03,3029,2702598,55716680,20.6,20.6,-0.3,1260.0,20.85,20.4
2017-08-04,3029,2956132,61705307,20.8,20.6,0.0,1232.0,21.2,20.55
2017-08-07,3029,2631339,53228709,20.45,20.1,-0.5,1141.0,20.6,20.05
2017-08-08,3029,1100163,22165375,20.2,20.15,0.05,515.0,20.3,20.05
2017-08-09,3029,2164716,43539837,20.1,19.9,-0.25,809.0,20.35,19.9
2017-08-10,3029,1701700,33083207,20.0,19.15,-0.75,809.0,20.1,19.15
2017-08-11,3029,1078375,20555486,19.0,19.15,0.0,472.0,19.3,18.85
2017-08-14,3029,898611,16941162,19.3,18.75,-0.4,438.0,19.3,18.7
2017-08-15,3029,763126,14537972,19.05,19.0,0.25,344.0,19.25,18.9
2017-08-16,3029,568446,10776624,19.0,19.0,0.0,304.0,19.1,18.8
2017-08-17,3029,1997234,39034727,19.15,19.9,0.9,775.0,19.9,19.1
2017-08-18,3029,2172929,42775484,19.8,19.7,-0.2,812.0,19.8,19.55
2017-08-21,3029,1547064,30386000,19.8,19.65,-0.05,715.0,19.85,19.55
2017-08-22,3029,1406675,26275085,18.65,18.6,0.0,729.0,18.8,18.55
2017-08-23,3029,1875143,35199007,18.6,18.6,0.0,874.0,19.0,18.6
2017-08-24,3029,3097187,59001103,18.9,18.95,0.35,1172.0,19.2,18.75
2017-08-25,3029,944369,18026984,19.2,18.95,0.0,479.0,19.3,18.9
2017-08-28,3029,1826625,34746375,19.15,18.85,-0.1,754.0,19.25,18.75
2017-08-29,3029,736771,13778085,18.85,18.75,-0.1,331.0,18.9,18.6
2017-08-30,3029,1107147,20952503,18.75,18.8,0.05,460.0,19.15,18.75
2017-08-31,3029,929532,17605576,18.85,19.0,0.2,387.0,19.05,18.85
2017-09-01,3029,5122827,99538839,19.1,19.5,0.5,2000.0,19.6,19.05
2017-09-04,3029,1397475,26839769,19.35,19.25,-0.25,493.0,19.35,19.05
2017-09-05,3029,1515961,29199045,19.3,19.3,0.05,595.0,19.4,19.1
2017-09-06,3029,2493762,46746571,19.05,18.6,-0.7,1072.0,19.05,18.45
2017-09-07,3029,1073253,19906849,18.65,18.45,-0.15,495.0,18.75,18.45
2017-09-08,3029,1079136,20164788,18.5,18.8,0.35,492.0,18.85,18.45
2017-09-11,3029,4270727,82149183,19.1,19.2,0.4,1715.0,19.4,19.05
2017-09-12,3029,1030484,19642742,19.25,18.95,-0.25,449.0,19.25,18.9
2017-09-13,3029,713613,13491800,19.0,18.95,0.0,285.0,19.05,18.85
2017-09-14,3029,628299,11945910,19.0,19.05,0.1,348.0,19.15,18.85
2017-09-15,3029,634441,12103872,19.25,19.0,-0.05,337.0,19.25,19.0
2017-09-18,3029,14019996,282410098,19.2,20.85,1.85,5511.0,20.85,19.15
2017-09-19,3029,14400986,304334156,21.9,20.05,-0.8,5485.0,22.4,19.95
2017-09-20,3029,2535211,50866685,20.05,20.0,-0.05,1151.0,20.3,19.9
2017-09-21,3029,2554465,52160589,20.2,20.25,0.25,1113.0,20.75,20.0
2017-09-22,3029,2155778,42611387,20.25,19.55,-0.7,936.0,20.25,19.5
2017-09-25,3029,1844575,35074983,19.55,18.85,-0.7,825.0,19.6,18.8
2017-09-26,3029,1259228,23614613,18.95,18.55,-0.3,560.0,19.05,18.5
2017-09-27,3029,646957,12108991,18.6,18.7,0.15,349.0,18.9,18.6
2017-09-28,3029,579789,10851647,18.75,18.7,0.0,303.0,18.85,18.65
2017-09-29,3029,743690,13815881,18.7,18.7,0.0,318.0,18.75,18.5
2017-09-30,3029,554730,10455581,18.7,18.95,0.25,265.0,19.05,18.7
2017-10-02,3029,739660,14051840,19.0,19.1,0.15,362.0,19.2,18.85
2017-10-03,3029,462444,8784409,19.15,19.0,-0.1,214.0,19.15,18.9
2017-10-05,3029,3439229,68505133,19.8,19.8,0.8,1683.0,20.2,19.7
2017-10-06,3029,1109293,21755126,19.9,19.55,-0.25,493.0,19.9,19.5
2017-10-11,3029,4695384,94137401,19.7,20.05,0.5,1832.0,20.25,19.7
2017-10-12,3029,5232188,107458541,20.35,20.3,0.25,2126.0,20.9,20.25
2017-10-13,3029,1609119,32181314,20.2,19.95,-0.35,756.0,20.25,19.9
2017-10-16,3029,1147805,22875353,20.15,19.95,0.0,554.0,20.15,19.75
2017-10-17,3029,1540194,30913097,20.1,19.9,-0.05,696.0,20.4,19.85
2017-10-18,3029,702008,13878204,20.0,19.75,-0.15,368.0,20.1,19.65
2017-10-19,3029,629002,12465933,19.85,19.75,0.0,328.0,20.0,19.7
2017-10-20,3029,763569,15190884,19.7,19.85,0.1,378.0,20.1,19.65
2017-10-23,3029,807407,15951236,19.9,19.75,-0.1,359.0,20.0,19.7
2017-10-24,3029,632643,12499631,19.8,19.75,0.0,295.0,19.9,19.7
2017-10-25,3029,2140493,43013810,19.85,20.05,0.3,838.0,20.2,19.8
2017-10-26,3029,489277,9720217,19.9,19.85,-0.2,271.0,19.95,19.8
2017-10-27,3029,6347791,129818642,20.0,20.2,0.35,2663.0,20.75,19.95
2017-10-30,3029,1504320,30062485,20.25,19.9,-0.3,666.0,20.35,19.75
2017-10-31,3029,835390,16588606,20.05,19.95,0.05,402.0,20.05,19.75
2017-11-01,3029,2755901,55656070,20.0,20.1,0.15,960.0,20.4,19.9
2017-11-02,3029,1260257,25361155,20.1,19.9,-0.2,545.0,20.35,19.9
2017-11-03,3029,3843200,78475707,20.05,20.4,0.5,1571.0,20.65,19.9
2017-11-06,3029,2741059,56372344,20.6,20.3,-0.1,1183.0,20.8,20.3
2017-11-07,3029,4769302,97595033,20.6,20.2,-0.1,1365.0,20.65,20.05
2017-11-08,3029,1572019,31517873,20.25,19.95,-0.25,766.0,20.25,19.9
2017-11-09,3029,1791591,35310051,19.95,19.55,-0.4,898.0,19.95,19.35
2017-11-10,3029,825277,16034548,19.4,19.65,0.1,440.0,19.75,19.15
2017-11-13,3029,901413,17417902,19.65,19.15,-0.5,467.0,19.65,19.15
2017-11-14,3029,460331,8829934,19.2,19.2,0.05,270.0,19.3,19.1
2017-11-15,3029,305933,5869216,19.25,19.2,0.0,182.0,19.35,19.1
2017-11-16,3029,255934,4942480,19.15,19.35,0.15,156.0,19.4,19.15
2017-11-17,3029,567298,10965417,19.4,19.25,-0.1,242.0,19.45,19.25
2017-11-20,3029,1209471,23374664,19.2,19.15,-0.1,566.0,19.55,19.15
2017-11-21,3029,474788,9146914,19.25,19.25,0.1,227.0,19.35,19.2
2017-11-22,3029,658016,12757356,19.3,19.3,0.05,294.0,19.5,19.3
2017-11-23,3029,2832441,56430300,19.55,20.2,0.9,1243.0,20.2,19.5
2017-11-24,3029,894446,17715822,20.0,19.8,-0.4,431.0,20.0,19.65
2017-11-27,3029,653297,12841218,19.9,19.6,-0.2,322.0,19.9,19.5
2017-11-28,3029,499210,9787002,19.6,19.65,0.05,237.0,19.8,19.5
2017-11-29,3029,511202,10089357,19.7,19.75,0.1,244.0,19.9,19.65
2017-11-30,3029,615286,12051476,19.65,19.5,-0.25,264.0,19.7,19.5
2017-12-01,3029,699650,13557011,19.6,19.3,-0.2,326.0,19.7,19.15
2017-12-04,3029,460814,8944587,19.3,19.35,0.05,243.0,19.5,19.3
2017-12-05,3029,750051,14390623,19.3,19.05,-0.3,323.0,19.45,19.0
2017-12-06,3029,537175,10188875,19.05,18.85,-0.2,259.0,19.3,18.85
2017-12-07,3029,842122,15722528,18.9,18.55,-0.3,390.0,19.0,18.45
2017-12-08,3029,362823,6758787,18.5,18.65,0.1,195.0,18.8,18.5
2017-12-11,3029,457527,8697755,19.0,19.0,0.35,260.0,19.2,18.8
2017-12-12,3029,247141,4699898,19.1,18.9,-0.1,149.0,19.15,18.9
2017-12-13,3029,271386,5144738,18.9,18.9,0.0,173.0,19.05,18.85
2017-12-14,3029,769618,14774068,19.05,19.1,0.2,297.0,19.3,19.0
2017-12-15,3029,379832,7155176,19.1,18.85,-0.25,235.0,19.1,18.75
2017-12-18,3029,250386,4702284,18.85,18.8,-0.05,155.0,18.85,18.7
2017-12-19,3029,260690,4896385,18.8,18.7,-0.1,133.0,18.9,18.7
2017-12-20,3029,203340,3828839,18.75,18.8,0.1,135.0,18.9,18.7
2017-12-21,3029,268883,5088931,18.85,19.0,0.2,192.0,19.0,18.8
2017-12-22,3029,190115,3607491,19.0,19.0,0.0,130.0,19.05,18.9
2017-12-25,3029,628611,12112186,19.1,19.3,0.3,377.0,19.4,19.1
2017-12-26,3029,251039,4816341,19.35,19.1,-0.2,162.0,19.4,19.1
2017-12-27,3029,201778,3875595,19.1,19.2,0.1,140.0,19.3,19.1
2017-12-28,3029,815526,15908822,19.3,19.45,0.25,410.0,19.65,19.3
2017-12-29,3029,2036725,40135890,19.5,20.05,0.6,714.0,20.05,19.4
2018-01-02,3029,5431885,110231118,20.1,19.9,-0.15,2063.0,20.6,19.9
2018-01-03,3029,991517,19644327,19.95,19.75,-0.15,513.0,20.0,19.7
2018-01-04,3029,881919,17494040,19.85,19.95,0.2,397.0,19.95,19.7
2018-01-05,3029,587806,11657776,19.95,19.85,-0.1,288.0,19.95,19.75
2018-01-08,3029,1543563,29712401,19.45,19.1,-0.75,753.0,19.45,19.05
2018-01-09,3029,503333,9589827,19.2,19.05,-0.05,243.0,19.25,18.95
2018-01-10,3029,601447,11400393,19.1,18.9,-0.15,275.0,19.1,18.8
2018-01-11,3029,271715,5143054,18.9,18.95,0.05,137.0,19.05,18.85
2018-01-12,3029,294190,5625366,19.1,19.1,0.15,155.0,19.2,19.0
2018-01-15,3029,716719,13865236,19.15,19.6,0.5,333.0,19.6,19.1
2018-01-16,3029,1696743,33251381,19.5,19.3,-0.3,668.0,19.75,19.3
2018-01-17,3029,638123,12413482,19.25,19.5,0.2,324.0,19.55,19.25
2018-01-18,3029,692284,13567236,19.7,19.55,0.05,324.0,19.7,19.5
2018-01-19,3029,428555,8397063,19.7,19.55,0.0,207.0,19.7,19.5
2018-01-22,3029,545956,10734087,19.8,19.6,0.05,287.0,19.8,19.6
2018-01-23,3029,390504,7656350,19.7,19.55,-0.05,208.0,19.7,19.55
2018-01-24,3029,305643,5971663,19.55,19.55,0.0,177.0,19.65,19.45
2018-01-25,3029,390123,7625781,19.6,19.4,-0.15,211.0,19.65,19.4
2018-01-26,3029,373954,7244359,19.55,19.3,-0.1,159.0,19.55,19.3
2018-01-29,3029,209360,4049413,19.35,19.35,0.05,112.0,19.4,19.3
2018-01-30,3029,375044,7209736,19.25,19.15,-0.2,199.0,19.35,19.15
2018-01-31,3029,239166,4577877,19.05,19.15,0.0,123.0,19.2,19.05
2018-02-01,3029,372717,7184378,19.3,19.15,0.0,183.0,19.45,19.1
2018-02-02,3029,168202,3221367,19.1,19.15,0.0,104.0,19.25,19.1
2018-02-05,3029,372050,7047154,18.9,19.1,-0.05,196.0,19.15,18.7
2018-02-06,3029,1316418,24210683,18.85,18.2,-0.9,600.0,18.95,17.75
2018-02-07,3029,532062,9902298,18.45,18.55,0.35,226.0,18.7,18.45
2018-02-08,3029,594171,11210934,18.8,18.8,0.25,275.0,19.05,18.75
2018-02-09,3029,1274904,24198899,18.1,19.1,0.3,713.0,19.3,18.1
2018-02-12,3029,512464,9770566,19.4,19.0,-0.1,263.0,19.4,18.95
2018-02-21,3029,669397,12889319,19.3,19.3,0.3,297.0,19.35,19.1
2018-02-22,3029,373386,7208958,19.35,19.35,0.05,182.0,19.35,19.25
2018-02-23,3029,454109,8798010,19.45,19.4,0.05,225.0,19.45,19.3
2018-02-26,3029,670232,13129022,19.5,19.6,0.2,371.0,19.7,19.45
2018-02-27,3029,2428745,48404849,19.65,19.85,0.25,878.0,20.15,19.65
2018-03-01,3029,2592263,52076878,19.65,20.3,0.45,1197.0,20.35,19.5
2018-03-02,3029,3446929,70017086,20.2,20.3,0.0,1613.0,20.6,20.0
2018-03-05,3029,15424367,329597474,20.4,22.0,1.7,6065.0,22.1,20.3
2018-03-06,3029,17735200,394732723,22.35,21.5,-0.5,7608.0,23.25,21.1
2018-03-07,3029,5512745,118103573,21.2,20.8,-0.7,2496.0,22.0,20.8
2018-03-08,3029,9735649,214225625,21.4,22.35,1.55,4536.0,22.6,21.2
2018-03-09,3029,5699531,127384610,23.0,22.0,-0.35,2751.0,23.1,21.85
2018-03-12,3029,2788251,60714878,22.2,21.55,-0.45,1279.0,22.2,21.5
2018-03-13,3029,7727208,174025974,21.75,23.4,1.85,3455.0,23.4,21.45
2018-03-14,3029,14819069,351397689,23.8,23.4,0.0,6537.0,24.3,23.05
2018-03-15,3029,2671285,61629660,23.15,23.15,-0.25,1481.0,23.4,22.85
2018-03-16,3029,3680655,82959816,23.2,22.25,-0.9,1730.0,23.3,22.2
2018-03-19,3029,9806762,230381299,22.2,24.4,2.15,4327.0,24.4,21.8
2018-03-20,3029,7425827,176512396,24.0,23.2,-1.2,3385.0,24.15,23.2
2018-03-21,3029,3013950,69867650,23.45,23.05,-0.15,1511.0,23.65,22.85
2018-03-22,3029,3764444,85061101,23.2,22.2,-0.85,1744.0,23.4,22.1
2018-03-23,3029,3672389,77802742,20.85,21.15,-1.05,1576.0,21.75,20.8
2018-03-26,3029,1514792,32452006,21.3,21.65,0.5,846.0,21.65,21.1
2018-03-27,3029,5471664,120596732,22.0,21.6,-0.05,2258.0,22.65,21.6
2018-03-28,3029,2106437,44575177,21.3,21.0,-0.6,932.0,21.45,20.95
2018-03-29,3029,1451776,30892182,21.4,21.1,0.1,745.0,21.55,21.0
2018-03-30,3029,4456723,96979261,21.4,21.65,0.55,1996.0,22.05,21.35
2018-03-31,3029,1265159,26962476,21.6,21.3,-0.35,697.0,21.6,21.15
2018-04-02,3029,1070787,22706751,21.45,21.1,-0.2,542.0,21.5,21.05
2018-04-03,3029,1312671,27345003,21.0,20.9,-0.2,645.0,21.0,20.75
2018-04-09,3029,1787867,36581058,20.9,20.35,-0.55,868.0,21.15,20.3
2018-04-10,3029,847729,17284537,20.4,20.3,-0.05,448.0,20.55,20.3
2018-04-11,3029,909525,18610104,20.4,20.4,0.1,436.0,20.7,20.35
2018-04-12,3029,3015110,63266614,20.6,21.15,0.75,1367.0,21.25,20.55
2018-04-13,3029,1048473,21919183,21.05,20.85,-0.3,468.0,21.15,20.75
2018-04-16,3029,488590,10104184,20.85,20.55,-0.3,263.0,21.1,20.55
2018-04-17,3029,1599242,32140368,20.6,19.95,-0.6,698.0,20.6,19.95
2018-04-18,3029,886325,17682043,20.1,19.85,-0.1,384.0,20.25,19.7
2018-04-19,3029,671929,13450678,20.0,19.95,0.1,351.0,20.15,19.85
2018-04-20,3029,555021,11103421,19.95,19.95,0.0,270.0,20.25,19.85
2018-04-23,3029,709814,14110110,19.95,19.7,-0.25,299.0,20.1,19.7
2018-04-24,3029,1325451,25572608,19.6,19.15,-0.55,600.0,19.65,19.1
2018-04-25,3029,1449284,27467210,19.0,19.15,0.0,503.0,19.2,18.8
2018-04-26,3029,1129171,21972873,19.55,19.25,0.1,511.0,19.75,19.2
2018-04-27,3029,546160,10651776,19.65,19.55,0.3,280.0,19.65,19.35
2018-04-30,3029,473034,9310018,19.6,19.7,0.15,214.0,19.8,19.6
2018-05-02,3029,2008400,40878146,20.25,20.3,0.6,804.0,20.55,20.25
2018-05-03,3029,1326285,27150463,20.25,20.5,0.2,690.0,20.75,20.2
2018-05-04,3029,604206,12418632,20.5,20.6,0.1,329.0,20.75,20.4
2018-05-07,3029,876101,18217421,20.9,20.85,0.25,429.0,20.95,20.6
2018-05-08,3029,1600450,33666250,21.1,20.85,0.0,807.0,21.3,20.75
2018-05-09,3029,682686,14225098,21.1,20.8,-0.05,350.0,21.1,20.7
2018-05-10,3029,8126881,176885274,21.05,21.65,0.85,3393.0,22.2,21.05
2018-05-11,3029,1504719,32342233,21.45,21.5,-0.15,740.0,21.65,21.4
2018-05-14,3029,2030422,44491976,21.8,21.75,0.25,966.0,22.3,21.7
2018-05-15,3029,1295204,28009705,22.0,21.7,-0.05,571.0,22.0,21.45
2018-05-16,3029,1662728,36273430,21.85,21.75,0.05,703.0,22.2,21.5
2018-05-17,3029,1974040,43382920,22.0,21.95,0.2,689.0,22.15,21.7
2018-05-18,3029,3095875,69110652,22.4,22.0,0.05,1411.0,22.75,21.95
2018-05-21,3029,2437486,53910435,21.9,22.3,0.3,829.0,22.5,21.7
2018-05-22,3029,3601594,80967932,22.45,22.25,-0.05,1338.0,22.75,22.15
2018-05-23,3029,906694,20030168,22.25,22.0,-0.25,481.0,22.25,21.95
2018-05-24,3029,1756879,39202059,21.85,22.6,0.6,814.0,22.6,21.85
2018-05-25,3029,2300615,52307864,22.65,22.6,0.0,1070.0,23.1,22.45
2018-05-28,3029,1282402,28655563,22.45,22.15,-0.45,596.0,22.65,22.15
2018-05-29,3029,2024502,45723368,22.6,22.4,0.25,926.0,22.85,22.4
2018-05-30,3029,1137508,25446725,22.4,22.3,-0.1,509.0,22.65,22.15
2018-05-31,3029,2553730,57896398,22.55,23.0,0.7,1099.0,23.05,22.35
2018-06-01,3029,3885617,89819352,23.15,22.8,-0.2,1612.0,23.5,22.7
2018-06-04,3029,1659526,38139741,22.9,23.05,0.25,698.0,23.15,22.75
2018-06-05,3029,1584893,36712539,23.2,23.0,-0.05,812.0,23.4,23.0
2018-06-06,3029,3833160,90872611,23.4,24.3,1.3,1599.0,24.3,23.2
2018-06-07,3029,8101162,203914521,25.3,25.0,0.7,3968.0,25.8,24.6
2018-06-08,3029,2194409,53803085,24.7,24.35,-0.65,1212.0,25.0,24.2
2018-06-11,3029,1901526,45914674,24.7,24.0,-0.35,1006.0,24.7,23.9
2018-06-12,3029,3496661,84867105,24.2,24.8,0.8,1581.0,25.25,23.6
2018-06-13,3029,4439428,110468354,25.05,24.25,-0.55,2026.0,25.2,24.25
2018-06-14,3029,1330409,31851437,24.1,23.7,-0.55,722.0,24.3,23.7
2018-06-15,3029,847450,20316305,23.75,23.8,0.1,454.0,24.35,23.75
2018-06-19,3029,1273990,29612914,23.55,22.85,-0.95,682.0,23.65,22.8
2018-06-20,3029,1463592,33853542,22.9,23.35,0.5,848.0,23.9,22.65
2018-06-21,3029,693002,16305143,23.75,23.4,0.05,405.0,23.8,23.4
2018-06-22,3029,1040900,24331268,23.4,23.8,0.4,513.0,23.95,22.9
2018-06-25,3029,3104618,75029964,24.15,23.95,0.15,1428.0,24.5,23.9
2018-06-26,3029,1378665,31860395,23.7,23.0,-0.95,765.0,23.7,22.6
2018-06-27,3029,686116,15742035,23.0,22.75,-0.25,389.0,23.25,22.75
2018-06-28,3029,525000,12012800,22.75,22.8,0.05,286.0,23.1,22.6
2018-06-29,3029,425611,9741060,22.85,22.85,0.05,231.0,23.0,22.8
2018-07-02,3029,558326,12835748,22.95,22.7,-0.15,268.0,23.35,22.7
2018-07-03,3029,593200,13417719,23.0,22.6,-0.1,307.0,23.0,22.35
2018-07-04,3029,1103914,24402558,22.6,21.95,-0.65,568.0,22.6,21.85
2018-07-05,3029,644354,14310362,22.1,21.95,0.0,400.0,22.5,21.95
2018-07-06,3029,1457225,32603984,22.45,22.8,0.85,737.0,23.0,21.8
2018-07-09,3029,742072,16781479,22.8,22.6,-0.2,404.0,22.9,22.4
2018-07-10,3029,560193,12773808,22.8,22.65,0.05,352.0,23.15,22.5
2018-07-11,3029,354423,8044169,22.5,22.75,0.1,220.0,22.9,22.45
2018-07-12,3029,573289,13153400,22.75,22.85,0.1,313.0,23.15,22.7
2018-07-13,3029,1308670,30403824,23.15,23.25,0.4,523.0,23.4,22.9
2018-07-16,3029,590809,13778307,23.5,23.2,-0.05,319.0,23.55,23.15
2018-07-17,3029,311600,7214119,23.35,23.05,-0.15,208.0,23.35,23.05
2018-07-18,3029,1069924,24978856,23.1,23.6,0.55,468.0,23.7,23.1
2018-07-19,3029,1833600,43343377,23.7,23.5,-0.1,882.0,23.95,23.4
2018-07-20,3029,765619,17787266,23.45,23.1,-0.4,389.0,23.5,23.05
2018-07-23,3029,495633,11339711,23.0,22.85,-0.25,254.0,23.1,22.75
2018-07-24,3029,364870,8403360,22.85,23.0,0.15,200.0,23.1,22.8
2018-07-25,3029,318070,7379267,23.3,23.1,0.1,195.0,23.3,23.05
2018-07-26,3029,2053284,48864166,23.1,24.1,1.0,994.0,24.2,23.05
2018-07-27,3029,4519553,108895971,24.1,24.15,0.05,1785.0,24.3,23.85
2018-07-30,3029,992900,23680898,24.05,23.75,-0.4,511.0,24.05,23.7
2018-07-31,3029,989150,23671600,23.8,23.85,0.1,576.0,24.2,23.65
2018-08-01,3029,664647,15864562,24.0,23.8,-0.05,397.0,24.05,23.75
2018-08-02,3029,1056407,25072129,24.0,23.55,-0.25,571.0,24.05,23.45
2018-08-03,3029,514991,12167381,23.6,23.75,0.2,301.0,23.75,23.45
2018-08-06,3029,8412468,206471513,25.0,23.65,-0.1,4296.0,25.3,23.6
2018-08-07,3029,2539534,60679393,23.85,23.75,0.1,1196.0,24.1,23.75
2018-08-08,3029,854671,20358850,23.95,23.65,-0.1,483.0,24.0,23.65
2018-08-09,3029,996125,23320724,23.65,23.35,-0.3,525.0,23.65,23.3
2018-08-10,3029,717391,16705067,23.3,23.2,-0.15,422.0,23.5,23.15
2018-08-13,3029,2016276,45432364,23.0,22.45,-0.75,871.0,23.0,22.2
2018-08-14,3029,519700,11740467,22.45,22.75,0.3,307.0,22.75,22.45
2018-08-15,3029,700200,15822077,22.9,22.75,0.0,392.0,22.9,22.35
2018-08-16,3029,446588,10119755,22.75,22.65,-0.1,275.0,22.75,22.5
2018-08-17,3029,903990,20406823,22.8,22.45,-0.2,431.0,22.8,22.45
2018-08-20,3029,1421978,31987794,22.5,22.45,0.0,627.0,22.65,22.4
2018-08-21,3029,1060167,22720720,21.3,21.4,0.0,548.0,21.55,21.3
2018-08-22,3029,627928,13305122,21.45,21.1,-0.3,363.0,21.45,21.1
2018-08-23,3029,415243,8767449,21.15,21.0,-0.1,202.0,21.25,21.0
2018-08-24,3029,642901,13336244,21.0,20.7,-0.3,350.0,21.0,20.6
2018-08-27,3029,478164,10006976,20.7,21.05,0.35,294.0,21.1,20.7
2018-08-28,3029,384100,8109020,21.1,21.1,0.05,234.0,21.2,21.05
2018-08-29,3029,341000,7234400,21.1,21.2,0.1,193.0,21.4,21.1
2018-08-30,3029,293284,6197656,21.25,21.05,-0.15,171.0,21.3,21.0
2018-08-31,3029,252231,5292523,21.05,21.0,-0.05,137.0,21.1,20.85
2018-09-03,3029,452856,9422571,21.1,20.65,-0.35,291.0,21.1,20.6
2018-09-04,3029,190153,3941620,20.7,20.75,0.1,124.0,20.8,20.7
2018-09-05,3029,249200,5148567,20.75,20.6,-0.15,159.0,20.85,20.5
2018-09-06,3029,571000,11570800,20.6,20.2,-0.4,313.0,20.6,20.15
2018-09-07,3029,870000,17405100,20.2,19.8,-0.4,441.0,20.3,19.8
2018-09-10,3029,753042,14615080,19.8,19.25,-0.55,410.0,19.8,19.2
2018-09-11,3029,390082,7649984,19.25,19.7,0.45,228.0,19.85,19.25
2018-09-12,3029,336250,6546245,19.7,19.45,-0.25,198.0,19.7,19.35
2018-09-13,3029,280392,5555990,19.5,19.9,0.45,200.0,20.05,19.5
2018-09-14,3029,307911,6190891,20.1,20.2,0.3,185.0,20.2,19.95
2018-09-17,3029,182045,3656195,20.2,20.05,-0.15,117.0,20.2,20.0
2018-09-18,3029,161193,3220817,20.05,19.95,-0.1,125.0,20.05,19.9
2018-09-19,3029,334204,6767900,20.1,20.2,0.25,206.0,20.35,20.1
2018-09-20,3029,247157,4965996,20.15,20.1,-0.1,170.0,20.2,20.0
2018-09-21,3029,135082,2713602,20.1,20.1,0.0,105.0,20.15,20.05
2018-09-25,3029,293362,5882592,20.1,20.05,-0.05,149.0,20.2,20.0
2018-09-26,3029,264568,5313986,20.1,20.05,0.0,115.0,20.15,20.0
2018-09-27,3029,190000,3794650,20.0,19.9,-0.15,128.0,20.05,19.9
2018-09-28,3029,345399,6843080,19.9,19.75,-0.15,230.0,20.0,19.7
2018-10-01,3029,198464,3946479,19.75,19.85,0.1,137.0,19.95,19.75
2018-10-02,3029,272394,5419035,20.05,19.9,0.05,149.0,20.05,19.8
2018-10-03,3029,194121,3845270,19.8,19.8,-0.1,105.0,19.9,19.75
2018-10-04,3029,159332,3153990,19.8,19.8,0.0,96.0,19.95,19.7
2018-10-05,3029,453040,8865885,19.95,19.4,-0.4,266.0,19.95,19.3
2018-10-08,3029,285013,5543873,19.45,19.4,0.0,165.0,19.6,19.35
2018-10-09,3029,458712,8834489,19.65,19.2,-0.2,318.0,19.65,19.1
2018-10-11,3029,1260603,22747071,18.45,18.1,-1.1,647.0,18.45,17.7
2018-10-12,3029,428202,7838890,18.1,18.6,0.5,270.0,18.75,18.1
2018-10-15,3029,175665,3237675,18.55,18.5,-0.1,127.0,18.55,18.2
2018-10-16,3029,242658,4533561,18.5,18.65,0.15,177.0,18.9,18.5
2018-10-17,3029,391102,7399827,19.0,18.8,0.15,251.0,19.1,18.8
2018-10-18,3029,199000,3749900,18.9,18.75,-0.05,118.0,19.0,18.75
2018-10-19,3029,288203,5322525,18.65,18.65,-0.1,155.0,18.65,18.3
2018-10-22,3029,152004,2848723,18.65,18.9,0.25,118.0,18.9,18.5
2018-10-23,3029,222103,4135074,18.7,18.5,-0.4,144.0,18.9,18.45
2018-10-24,3029,224711,4142409,18.5,18.5,0.0,136.0,18.65,18.3
2018-10-25,3029,523192,9394742,18.05,18.0,-0.5,299.0,18.1,17.8
2018-10-26,3029,335868,6051807,18.15,17.85,-0.15,206.0,18.3,17.8
2018-10-29,3029,279140,5024947,18.05,17.85,0.0,172.0,18.15,17.85
2018-10-30,3029,119845,2146526,17.85,18.0,0.15,106.0,18.05,17.85
2018-10-31,3029,1506790,28443747,18.4,18.65,0.65,904.0,19.25,18.4
2018-11-01,3029,472250,8869237,18.65,18.85,0.2,273.0,18.9,18.6
2018-11-02,3029,1768160,34560282,19.0,20.35,1.5,790.0,20.35,18.8
2018-11-05,3029,5327820,107654458,20.1,20.25,-0.1,1898.0,20.45,19.9
2018-11-06,3029,889244,17905140,20.1,20.05,-0.2,553.0,20.4,20.0
2018-11-07,3029,578132,11615533,20.1,20.2,0.15,345.0,20.2,20.0
2018-11-08,3029,508823,10240060,20.3,20.0,-0.2,330.0,20.35,20.0
2018-11-09,3029,441000,8731350,20.0,19.9,-0.1,262.0,20.05,19.65
2018-11-12,3029,259122,5164244,19.8,19.95,0.05,164.0,20.05,19.8
2018-11-13,3029,223592,4399168,19.5,19.8,-0.15,171.0,19.8,19.5
2018-11-14,3029,281558,5559718,19.8,19.7,-0.1,190.0,19.85,19.7
2018-11-15,3029,223010,4379398,19.55,19.65,-0.05,145.0,19.8,19.55
2018-11-16,3029,314704,6212896,19.9,19.7,0.05,188.0,19.9,19.65
2018-11-19,3029,406338,8105760,19.9,20.05,0.35,218.0,20.05,19.8
2018-11-20,3029,392669,7880058,20.1,20.05,0.0,258.0,20.25,19.95
2018-11-21,3029,313261,6221331,19.8,19.85,-0.2,132.0,20.0,19.75
2018-11-22,3029,249001,4951221,19.9,19.75,-0.1,167.0,20.05,19.75
2018-11-23,3029,164446,3231196,19.8,19.6,-0.15,119.0,19.8,19.55
2018-11-26,3029,139012,2749228,19.55,19.75,0.15,121.0,19.9,19.55
2018-11-27,3029,298366,5899898,19.8,19.9,0.15,168.0,19.9,19.65
2018-11-28,3029,396716,7916995,19.9,20.0,0.1,217.0,20.15,19.75
2018-11-29,3029,298200,5971210,20.05,19.9,-0.1,149.0,20.2,19.9
2018-11-30,3029,209285,4185319,19.9,19.95,0.05,130.0,20.1,19.9
2018-12-03,3029,2137745,43589845,20.15,20.5,0.55,792.0,20.6,20.1
2018-12-04,3029,654395,13376494,20.5,20.35,-0.15,335.0,20.6,20.3
2018-12-05,3029,316202,6314379,20.0,20.0,-0.35,195.0,20.1,19.9
2018-12-06,3029,681252,13360649,20.0,19.35,-0.65,373.0,20.0,19.3
2018-12-07,3029,254120,5015175,19.65,19.8,0.45,191.0,19.85,19.6
2018-12-10,3029,151271,2972878,19.6,19.7,-0.1,109.0,19.75,19.55
2018-12-11,3029,2419095,49342889,19.75,20.6,0.9,965.0,20.75,19.75
2018-12-12,3029,4221745,86660769,20.8,20.2,-0.4,1898.0,20.8,20.15
2018-12-13,3029,1111403,22354008,20.3,20.0,-0.2,563.0,20.35,19.95
2018-12-14,3029,560718,11150101,20.0,19.85,-0.15,330.0,20.1,19.8
2018-12-17,3029,305231,6059420,19.85,19.85,0.0,200.0,20.0,19.75
2018-12-18,3029,371752,7315846,19.7,19.6,-0.25,268.0,19.9,19.55
2018-12-19,3029,1486579,29848371,19.6,20.3,0.7,712.0,20.35,19.6
2018-12-20,3029,5986048,122877513,20.5,20.2,-0.1,2811.0,20.8,20.15
2018-12-21,3029,1323248,26490010,20.0,20.15,-0.05,720.0,20.3,19.8
2018-12-22,3029,480469,9680825,20.15,20.2,0.05,257.0,20.2,20.05
2018-12-24,3029,679525,13700150,20.3,20.15,-0.05,358.0,20.3,20.05
2018-12-25,3029,755184,14940621,19.9,19.7,-0.45,402.0,19.95,19.65
2018-12-26,3029,636113,12530461,19.8,19.6,-0.1,310.0,19.9,19.6
2018-12-27,3029,538725,10641744,19.9,19.65,0.05,247.0,19.9,19.65
2018-12-28,3029,542101,10658548,19.7,19.65,0.0,228.0,19.75,19.6
2019-01-02,3029,506325,10096680,19.85,19.75,0.1,292.0,20.1,19.75
2019-01-03,3029,346102,6853127,19.75,19.75,0.0,186.0,19.95,19.7
2019-01-04,3029,557172,10851977,19.6,19.5,-0.25,356.0,19.6,19.3
2019-01-07,3029,1628730,32837615,19.8,20.4,0.9,766.0,20.5,19.7
2019-01-08,3029,3502596,71702327,20.55,20.2,-0.2,1662.0,20.65,20.2
2019-01-09,3029,979632,19852714,20.4,20.2,0.0,565.0,20.45,20.15
2019-01-10,3029,608065,12232516,20.3,20.1,-0.1,304.0,20.3,20.0
2019-01-11,3029,786396,15813817,20.3,20.0,-0.1,325.0,20.3,20.0
2019-01-14,3029,689238,13871528,20.0,20.0,0.0,335.0,20.3,20.0
2019-01-15,3029,385223,7724920,20.1,20.05,0.05,224.0,20.2,19.95
2019-01-16,3029,620040,12511003,20.15,20.05,0.0,346.0,20.3,20.05
2019-01-17,3029,399318,8046914,20.15,20.1,0.05,213.0,20.2,20.1
2019-01-18,3029,1096898,22393329,20.2,20.3,0.2,615.0,20.55,20.2
2019-01-21,3029,443228,9016273,20.4,20.35,0.05,238.0,20.5,20.3
2019-01-22,3029,420503,8484710,20.35,20.1,-0.25,221.0,20.35,20.1
2019-01-23,3029,327050,6554000,20.05,20.0,-0.1,209.0,20.15,19.95
2019-01-24,3029,311019,6228080,20.1,20.0,0.0,191.0,20.15,19.95
2019-01-25,3029,376218,7569202,20.05,20.2,0.2,208.0,20.2,20.0
2019-01-28,3029,501334,10134369,20.2,20.15,-0.05,261.0,20.3,20.15
2019-01-29,3029,328284,6612580,20.05,20.1,-0.05,208.0,20.25,20.05
2019-01-30,3029,610345,12356299,20.15,20.3,0.2,296.0,20.3,20.15
2019-02-11,3029,629389,12859363,20.45,20.45,0.15,370.0,20.55,20.35
2019-02-12,3029,697765,14298126,20.5,20.5,0.05,349.0,20.55,20.4
2019-02-13,3029,4084675,87000502,21.25,21.05,0.55,1976.0,21.65,21.0
2019-02-14,3029,1044836,21974902,21.05,21.0,-0.05,515.0,21.15,20.95
2019-02-15,3029,1218408,25624375,21.15,20.95,-0.05,550.0,21.25,20.8
2019-02-18,3029,2962720,63450087,21.0,21.5,0.55,1300.0,21.65,21.0
2019-02-19,3029,6836027,152578742,22.0,22.25,0.75,2867.0,22.65,22.0
2019-02-20,3029,6069365,136704783,22.35,22.85,0.6,2301.0,22.9,22.2
2019-02-21,3029,5873904,134484742,22.95,23.0,0.15,2150.0,23.1,22.5
2019-02-22,3029,7900332,179372960,23.1,22.25,-0.75,3474.0,23.1,22.2
2019-02-25,3029,3802015,86213481,22.5,22.65,0.4,1913.0,22.8,22.5
2019-02-26,3029,2398279,54616886,22.9,22.65,0.0,1144.0,23.0,22.6
2019-02-27,3029,3359465,76395747,22.75,23.0,0.35,1489.0,23.1,22.4
2019-03-04,3029,5786457,135454576,23.15,23.45,0.45,2599.0,23.75,23.05
2019-03-05,3029,1548344,36181436,23.3,23.45,0.0,928.0,23.5,23.2
2019-03-06,3029,1787667,41909480,23.5,23.25,-0.2,1024.0,23.7,23.25
2019-03-07,3029,1884465,43355999,23.3,22.8,-0.45,900.0,23.3,22.75
2019-03-08,3029,9015345,213509327,23.35,23.65,0.85,4583.0,24.2,23.0
2019-03-11,3029,9845012,243814228,24.0,24.8,1.15,5191.0,25.3,24.0
2019-03-12,3029,4653419,115257943,24.85,24.75,-0.05,2275.0,25.15,24.4
2019-03-13,3029,3686416,91708836,24.75,24.55,-0.2,1887.0,25.2,24.5
2019-03-14,3029,3286898,80073597,24.6,24.55,0.0,1558.0,24.8,24.0
2019-03-15,3029,3817031,94762393,24.7,24.55,0.0,1693.0,25.15,24.45
2019-03-18,3029,4765991,119811589,24.6,25.35,0.8,2366.0,25.5,24.6
2019-03-19,3029,3208826,80311676,25.35,25.3,-0.05,1479.0,25.35,24.85
2019-03-20,3029,5186809,130915142,25.4,24.75,-0.55,2641.0,25.85,24.75
2019-03-21,3029,2565911,63072665,24.65,24.5,-0.25,1215.0,24.8,24.45
2019-03-22,3029,2526659,61400036,24.6,24.3,-0.2,1192.0,24.7,24.05
2019-03-25,3029,1750182,42316422,24.0,24.5,0.2,912.0,24.5,23.8
2019-03-26,3029,1317960,32429657,24.6,24.45,-0.05,706.0,24.85,24.45
2019-03-27,3029,2847483,70784758,24.45,25.05,0.6,1325.0,25.2,24.3
2019-03-28,3029,4071402,100658984,24.95,24.4,-0.65,1849.0,25.1,24.4
2019-03-29,3029,1315958,32152012,24.55,24.45,0.05,604.0,24.6,24.3
2019-04-01,3029,1470817,36143140,24.7,24.45,0.0,679.0,24.75,24.4
2019-04-02,3029,1584541,38861058,24.6,24.4,-0.05,705.0,24.75,24.35
2019-04-03,3029,689415,16903647,24.65,24.6,0.2,420.0,24.65,24.4
2019-04-08,3029,3107852,77737910,24.8,25.35,0.75,1456.0,25.35,24.75
2019-04-09,3029,7933048,218008064,27.1,27.85,2.5,3159.0,27.85,26.7
2019-04-10,3029,20025765,564288719,28.0,26.9,-0.95,8908.0,29.2,26.9
2019-04-11,3029,6731728,182206138,27.25,27.2,0.3,3016.0,27.4,26.5
2019-04-12,3029,10647504,296385490,27.7,27.85,0.65,4902.0,28.4,27.3
2019-04-15,3029,12239051,350745542,28.3,28.6,0.75,5794.0,29.3,28.0
2019-04-16,3029,5151246,144900338,28.5,28.0,-0.6,2486.0,28.65,27.85
2019-04-17,3029,8056162,231447952,28.4,28.9,0.9,3399.0,29.0,28.1
2019-04-18,3029,5790511,163237195,28.95,27.5,-1.4,2709.0,28.95,27.5
2019-04-19,3029,2770884,76883854,27.9,27.5,0.0,1345.0,28.1,27.4
2019-04-22,3029,1948802,54537491,28.0,28.2,0.7,968.0,28.2,27.75
2019-04-23,3029,1876455,52575490,28.25,28.0,-0.2,899.0,28.4,27.8
2019-04-24,3029,1705577,47726864,28.25,27.85,-0.15,754.0,28.3,27.8
2019-04-25,3029,5687515,162801293,27.9,28.8,0.95,2481.0,28.9,27.8
2019-04-26,3029,4226837,118765562,28.8,27.8,-1.0,2101.0,28.8,27.65
2019-04-29,3029,3122838,85763350,27.65,27.75,-0.05,1479.0,28.1,26.95
2019-04-30,3029,2308858,64693234,27.8,28.1,0.35,1170.0,28.7,27.4
2019-05-02,3029,7454567,214401317,28.3,29.3,1.2,3399.0,29.3,28.1
2019-05-03,3029,7878369,229487162,29.25,28.8,-0.5,3709.0,29.65,28.65
2019-05-06,3029,4298222,121691104,28.25,28.1,-0.7,1992.0,28.7,28.05
2019-05-07,3029,3408218,97758362,28.95,28.55,0.45,1607.0,28.95,28.35
2019-05-08,3029,2884541,80483764,27.8,27.85,-0.7,1497.0,28.15,27.5
2019-05-09,3029,6370375,179296486,28.55,27.8,-0.05,3134.0,28.8,27.4
2019-05-10,3029,4268522,120473165,28.15,28.3,0.5,2216.0,28.7,27.7
2019-05-13,3029,2400828,68103656,28.6,28.25,-0.05,1240.0,28.65,28.05
2019-05-14,3029,2052390,57440756,27.65,28.1,-0.15,1047.0,28.3,27.45
2019-05-15,3029,24357015,735272379,28.4,29.9,1.8,10689.0,30.9,28.4
2019-05-16,3029,16009300,488606000,30.2,30.0,0.1,8331.0,31.2,29.85
2019-05-17,3029,8992782,264168278,29.9,28.9,-1.1,4416.0,30.4,28.6
2019-05-20,3029,5347710,151541082,28.85,28.5,-0.4,2739.0,29.2,28.0
2019-05-21,3029,6522416,183653619,28.55,28.1,-0.4,3487.0,28.95,27.5
2019-05-22,3029,2371432,66857487,28.1,28.0,-0.1,1296.0,28.5,28.0
2019-05-23,3029,3375884,92053572,27.8,27.25,-0.75,1827.0,27.8,27.05
2019-05-24,3029,2131782,58292506,27.3,27.15,-0.1,1193.0,27.7,27.15
2019-05-27,3029,2063465,55686363,27.25,27.2,0.05,1121.0,27.45,26.65
2019-05-28,3029,1415391,38572049,26.85,27.5,0.3,742.0,27.5,26.85
2019-05-29,3029,1165832,31975529,27.2,27.45,-0.05,680.0,27.75,27.05
2019-05-30,3029,954840,26263596,27.6,27.55,0.1,556.0,27.6,27.4
2019-05-31,3029,1827378,50833380,27.6,27.65,0.1,1044.0,28.05,27.5
2019-06-03,3029,1522393,41307407,27.5,27.3,-0.35,791.0,27.5,26.9
2019-06-04,3029,896162,24348538,27.3,27.1,-0.2,474.0,27.35,27.05
2019-06-05,3029,881074,24127825,27.45,27.25,0.15,477.0,27.55,27.25
2019-06-06,3029,571181,15560570,27.3,27.4,0.15,321.0,27.4,27.15
2019-06-10,3029,2139669,59927877,27.7,28.45,1.05,1115.0,28.45,27.65
2019-06-11,3029,2639200,73552200,28.1,27.75,-0.7,1426.0,28.15,27.65
2019-06-12,3029,2501191,70427791,27.9,28.3,0.55,1377.0,28.4,27.8
2019-06-13,3029,1350825,38147800,28.3,28.1,-0.2,770.0,28.55,28.1
2019-06-14,3029,901176,25424094,28.2,28.1,0.0,560.0,28.4,28.05
2019-06-17,3029,1336301,37888646,28.1,28.15,0.05,710.0,28.7,28.1
2019-06-18,3029,874997,24713812,28.3,28.2,0.05,505.0,28.4,28.1
2019-06-19,3029,4234157,122668068,28.6,29.0,0.8,2252.0,29.3,28.6
2019-06-20,3029,1948052,56701555,29.0,29.05,0.05,1080.0,29.35,28.85
2019-06-21,3029,5312000,157615396,29.4,29.1,0.05,2872.0,30.3,29.1
2019-06-24,3029,2112331,62193546,29.2,29.6,0.5,1022.0,29.65,29.2
2019-06-25,3029,1709792,50281535,29.85,29.2,-0.4,885.0,29.85,29.2
2019-06-26,3029,1177215,34379614,29.2,29.15,-0.05,648.0,29.4,29.05
2019-06-27,3029,4621503,136616833,29.4,29.6,0.45,1948.0,29.85,29.4
2019-06-28,3029,2909890,81942895,28.1,28.2,0.0,1340.0,28.35,27.95
2019-07-01,3029,2564689,73772734,28.6,28.7,0.5,1432.0,29.05,28.5
2019-07-02,3029,1946233,56652426,29.0,29.1,0.4,1055.0,29.3,28.85
2019-07-03,3029,1516336,43904540,29.35,28.75,-0.35,882.0,29.4,28.7
2019-07-04,3029,3636255,107209212,29.05,29.75,1.0,2028.0,29.8,28.95
2019-07-05,3029,2911974,86827680,29.85,29.65,-0.1,1644.0,30.2,29.45
2019-07-08,3029,3718776,106672350,29.15,28.65,-1.0,1985.0,29.15,28.3
2019-07-09,3029,1123200,32162050,28.7,28.85,0.2,624.0,28.85,28.5
2019-07-10,3029,934642,27021585,28.95,28.8,-0.05,619.0,29.05,28.7
2019-07-11,3029,1773611,51997250,28.9,29.35,0.55,1054.0,29.6,28.9
2019-07-12,3029,1532850,45137500,29.55,29.5,0.15,874.0,29.65,29.2
2019-07-15,3029,11056401,341336196,29.65,31.55,2.05,5601.0,31.85,29.6
2019-07-16,3029,10893894,347309508,32.45,30.95,-0.6,6268.0,32.7,30.6
2019-07-17,3029,3267801,101506185,31.0,31.45,0.5,2007.0,31.6,30.45
2019-07-18,3029,3191388,98724879,31.45,30.5,-0.95,1874.0,31.85,30.5
2019-07-19,3029,2348274,71623220,30.7,30.2,-0.3,1362.0,31.1,30.1
2019-07-22,3029,2172514,67070398,30.4,30.7,0.5,1453.0,31.35,30.4
2019-07-23,3029,2338180,71546389,30.7,31.05,0.35,1282.0,31.05,30.3
2019-07-24,3029,6376962,199778973,31.4,30.75,-0.3,3559.0,32.0,30.7
2019-07-25,3029,1952934,59740692,30.5,30.55,-0.2,1000.0,30.85,30.45
2019-07-26,3029,1364187,41526783,30.5,30.35,-0.2,746.0,30.75,30.25
2019-07-29,3029,1846972,56665689,30.35,30.75,0.4,1049.0,31.05,30.2
2019-07-30,3029,2816851,84874004,30.75,29.8,-0.95,1686.0,31.05,29.75
2019-07-31,3029,1538780,46424897,29.8,30.45,0.65,861.0,30.65,29.8
2019-08-01,3029,17048981,543489992,30.85,32.05,1.6,9085.0,32.6,30.65
2019-08-02,3029,7438808,229517044,31.2,30.45,-1.6,3981.0,31.55,30.35
2019-08-05,3029,2921234,87203620,30.1,29.6,-0.85,1810.0,30.45,29.6
2019-08-06,3029,2761851,80129647,28.3,30.0,0.4,1613.0,30.0,27.9
2019-08-07,3029,7584719,236822380,31.3,30.65,0.65,4065.0,31.9,30.65
2019-08-08,3029,9722713,307857529,31.5,31.9,1.25,4645.0,31.95,31.35
2019-08-12,3029,14812789,493999826,32.5,34.1,2.2,7501.0,34.15,31.95
2019-08-13,3029,9269000,314747941,33.6,33.5,-0.6,5265.0,34.85,33.3
2019-08-14,3029,6767305,229390903,34.0,33.65,0.15,3364.0,34.5,33.45
2019-08-15,3029,3783817,124649579,32.6,32.8,-0.85,2120.0,33.4,32.6
2019-08-16,3029,2949594,97724970,33.05,33.3,0.5,1636.0,33.4,32.75
2019-08-19,3029,5542321,187873344,33.8,33.6,0.3,2879.0,34.35,33.4
2019-08-20,3029,4126803,136942573,33.55,32.85,-0.75,2215.0,33.9,32.75
2019-08-21,3029,2392973,79658292,32.9,33.55,0.7,1395.0,33.65,32.85
2019-08-22,3029,3654711,123020186,33.7,33.25,-0.3,1897.0,34.05,33.25
2019-08-23,3029,1918622,63416626,33.25,32.95,-0.3,1100.0,33.45,32.85
2019-08-26,3029,2044102,65993154,32.05,32.4,-0.55,1168.0,32.55,32.0
2019-08-27,3029,1674820,55406778,32.75,33.15,0.75,1005.0,33.45,32.75
2019-08-28,3029,1870688,62338944,33.35,33.25,0.1,997.0,33.6,33.0
2019-08-29,3029,9101918,311694582,33.45,33.7,0.45,4882.0,34.9,33.45
2019-08-30,3029,3144628,105566236,33.8,33.3,-0.4,1803.0,34.05,33.15
2019-09-02,3029,2927042,98947430,33.3,34.25,0.95,1693.0,34.25,33.15
2019-09-03,3029,3784585,129589990,34.35,33.75,-0.5,2227.0,34.85,33.65
2019-09-04,3029,2310670,78837693,33.65,34.4,0.65,1324.0,34.5,33.6
2019-09-05,3029,3698700,126991450,34.55,34.0,-0.4,1895.0,34.85,34.0
2019-09-06,3029,10681372,375021637,34.35,34.65,0.65,5589.0,35.95,34.15
2019-09-09,3029,7844603,277997723,35.1,34.9,0.25,4258.0,36.15,34.7
2019-09-10,3029,2049011,70792178,34.6,34.75,-0.15,1191.0,34.9,34.3
2019-09-11,3029,2208540,76127470,35.1,34.25,-0.5,1194.0,35.15,34.2
2019-09-12,3029,1666669,57606040,34.3,34.75,0.5,940.0,34.85,34.3
2019-09-16,3029,1945192,66583642,34.8,34.25,-0.5,1171.0,34.85,34.0
2019-09-17,3029,1569342,53314389,34.35,33.85,-0.4,953.0,34.35,33.8
2019-09-18,3029,1436109,48573153,34.0,33.55,-0.3,969.0,34.35,33.55
2019-09-19,3029,1414811,47507825,33.5,33.65,0.1,875.0,33.9,33.25
2019-09-20,3029,1522872,50975230,33.75,33.3,-0.35,939.0,33.85,33.25
2019-09-23,3029,1109451,37555284,33.3,33.9,0.6,729.0,34.05,33.3
2019-09-24,3029,1502667,51566792,34.2,34.25,0.35,928.0,34.5,34.05
2019-09-25,3029,1297828,43888907,34.25,33.65,-0.6,814.0,34.25,33.65
2019-09-26,3029,875718,29408935,33.95,33.4,-0.25,559.0,33.95,33.35
2019-09-27,3029,2210166,72367728,33.45,32.85,-0.55,1416.0,33.5,32.4
2019-10-01,3029,724005,23969661,32.85,33.2,0.35,470.0,33.25,32.85
2019-10-02,3029,573380,19034544,33.0,33.15,-0.05,376.0,33.4,32.9
2019-10-03,3029,847584,28140522,32.8,33.4,0.25,467.0,33.5,32.6
2019-10-04,3029,1476309,49507857,33.7,33.2,-0.2,942.0,33.95,33.1
2019-10-07,3029,688024,23050251,33.4,33.45,0.25,402.0,33.7,33.4
2019-10-08,3029,1631246,54998039,34.05,33.4,-0.05,902.0,34.05,33.4
2019-10-09,3029,2383082,80157538,33.15,34.0,0.6,1444.0,34.1,32.85
2019-10-14,3029,5261853,182713206,34.8,34.7,0.7,2897.0,35.0,34.45
2019-10-15,3029,1427640,49255286,34.3,34.4,-0.3,922.0,34.8,34.3
2019-10-16,3029,3547146,123708633,34.75,34.7,0.3,2195.0,35.55,34.25
2019-10-17,3029,820510,28365641,34.5,34.6,-0.1,551.0,34.8,34.35
2019-10-18,3029,2534127,88292950,34.8,34.55,-0.05,1458.0,35.3,34.4
2019-10-21,3029,818394,28390991,34.9,34.65,0.1,500.0,34.9,34.55
2019-10-22,3029,3387025,119063366,35.1,34.85,0.2,1941.0,35.5,34.8
2019-10-23,3029,1195111,41868675,35.1,35.0,0.15,756.0,35.3,34.85
2019-10-24,3029,3358954,118477842,35.2,35.8,0.8,1853.0,35.8,34.7
2019-10-25,3029,4195171,148406140,35.8,34.8,-1.0,2375.0,36.25,34.8
2019-10-28,3029,1944845,67151096,34.8,34.45,-0.35,1031.0,34.95,34.35
2019-10-29,3029,1376511,47629774,34.65,34.45,0.0,919.0,35.0,34.25
2019-10-30,3029,788528,27363490,34.55,34.6,0.15,454.0,34.9,34.45
2019-10-31,3029,10974861,347458965,32.4,31.3,-3.3,5529.0,32.6,31.25
2019-11-01,3029,2570444,80972716,31.3,31.75,0.45,1595.0,31.8,31.0
2019-11-04,3029,1924431,60782737,31.8,31.5,-0.25,1019.0,31.85,31.4
2019-11-05,3029,1022971,32261183,31.5,31.45,-0.05,679.0,31.8,31.45
2019-11-06,3029,5993995,196239829,32.6,32.75,1.3,3683.0,33.2,32.3
2019-11-07,3029,1912069,61887140,32.5,32.55,-0.2,1174.0,32.6,32.15
2019-11-08,3029,1296927,42294766,32.8,32.5,-0.05,809.0,32.8,32.45
2019-11-11,3029,1461564,47060775,32.6,31.95,-0.55,858.0,32.6,31.95
2019-11-12,3029,925232,29836161,32.2,32.3,0.35,575.0,32.45,32.05
2019-11-13,3029,970544,31483922,32.4,32.2,-0.1,584.0,32.7,32.2
2019-11-14,3029,1282932,40870238,32.3,31.65,-0.55,770.0,32.4,31.55
2019-11-15,3029,2363573,74935961,31.65,31.5,-0.15,1142.0,32.0,31.35
2019-11-18,3029,1501416,47178583,31.55,31.55,0.05,873.0,31.65,31.1
2019-11-19,3029,659300,20902911,31.6,31.6,0.05,451.0,31.95,31.55
2019-11-20,3029,608735,19128025,31.65,31.4,-0.2,409.0,31.7,31.3
2019-11-21,3029,583865,18231854,31.45,31.3,-0.1,379.0,31.45,31.1
2019-11-22,3029,503497,15804403,31.3,31.55,0.25,299.0,31.55,31.3
2019-11-25,3029,494265,15513345,31.55,31.3,-0.25,338.0,31.6,31.3
2019-11-26,3029,686384,21555386,31.4,31.35,0.05,397.0,31.6,31.3
2019-11-27,3029,477553,14998937,31.35,31.45,0.1,316.0,31.5,31.35
2019-11-28,3029,936447,29357984,31.45,31.2,-0.25,496.0,31.55,31.1
2019-11-29,3029,3000669,91514185,31.1,30.35,-0.85,1673.0,31.35,30.25
2019-12-02,3029,2038552,60664497,30.35,29.7,-0.65,1173.0,30.45,29.45
2019-12-03,3029,702315,21115175,29.55,30.15,0.45,451.0,30.25,29.55
2019-12-04,3029,620250,18915610,30.1,30.45,0.3,395.0,30.7,30.1
2019-12-05,3029,506504,15481020,30.6,30.5,0.05,323.0,30.75,30.45
2019-12-06,3029,527019,16215382,30.55,30.8,0.3,331.0,30.85,30.55
2019-12-09,3029,709706,21639798,30.25,30.6,-0.2,446.0,30.7,30.25
2019-12-10,3029,337950,10349217,30.7,30.6,0.0,197.0,30.8,30.5
2019-12-11,3029,782852,23747161,30.6,30.25,-0.35,451.0,30.6,30.2
2019-12-12,3029,474006,14384078,30.3,30.25,0.0,279.0,30.5,30.2
2019-12-13,3029,788868,23705190,30.25,30.0,-0.25,523.0,30.45,29.85
2019-12-16,3029,561645,17007175,30.25,30.15,0.15,351.0,30.5,30.05
2019-12-17,3029,463605,14076335,30.25,30.25,0.1,286.0,30.5,30.25
2019-12-18,3029,381597,11578408,30.4,30.25,0.0,253.0,30.5,30.25
2019-12-19,3029,433504,13068244,30.25,30.1,-0.15,262.0,30.3,30.1
2019-12-20,3029,249201,7497719,30.3,30.1,0.0,181.0,30.3,30.0
2019-12-23,3029,1369820,40865137,30.1,30.0,-0.1,804.0,30.15,29.65
2019-12-24,3029,300731,8997940,30.0,29.95,-0.05,216.0,30.0,29.8
2019-12-25,3029,494525,14823800,30.0,30.0,0.05,315.0,30.1,29.9
2019-12-26,3029,339546,10176180,30.05,30.0,0.0,247.0,30.15,29.85
2019-12-27,3029,797501,24111026,30.0,30.35,0.35,536.0,30.4,29.95
2019-12-30,3029,559611,16984670,30.3,30.4,0.05,324.0,30.5,30.15
2019-12-31,3029,318500,9619849,30.3,30.15,-0.25,219.0,30.35,30.1
2020-01-02,3029,728892,22059486,30.15,30.2,0.05,369.0,30.4,30.15
2020-01-03,3029,1658445,50514636,30.35,30.7,0.5,942.0,30.75,30.0
2020-01-06,3029,798214,24049461,30.6,30.05,-0.65,535.0,30.6,30.0
2020-01-07,3029,1892862,58051538,30.6,30.5,0.45,1141.0,30.85,30.5
2020-01-08,3029,838162,25277792,30.15,30.1,-0.4,527.0,30.4,30.0
2020-01-09,3029,633417,19233375,30.25,30.4,0.3,361.0,30.5,30.2
2020-01-10,3029,455486,13836248,30.4,30.2,-0.2,277.0,30.55,30.2
2020-01-13,3029,1264169,38929958,30.5,30.85,0.65,727.0,31.0,30.3
2020-01-14,3029,853828,26554007,31.05,31.05,0.2,511.0,31.3,30.95
2020-01-15,3029,503924,15565060,31.05,30.75,-0.3,312.0,31.05,30.75
2020-01-16,3029,509839,15600220,30.8,30.6,-0.15,308.0,30.8,30.5
2020-01-17,3029,478313,14725438,30.6,30.8,0.2,303.0,30.95,30.6
2020-01-20,3029,746460,23099510,30.9,31.0,0.2,421.0,31.1,30.7
2020-01-30,3029,2286353,66377188,29.55,28.3,-2.7,1486.0,29.85,28.3
2020-01-31,3029,1591541,44793961,28.5,28.0,-0.3,992.0,28.95,27.55
2020-02-03,3029,1748506,46794127,27.4,27.35,-0.65,971.0,27.45,26.05
2020-02-04,3029,664679,18450495,27.45,27.9,0.55,451.0,28.0,27.3
2020-02-05,3029,524628,14711064,28.1,27.9,0.0,326.0,28.3,27.85
2020-02-06,3029,657547,18708938,28.05,28.6,0.7,436.0,28.7,28.05
2020-02-07,3029,611106,17198493,28.6,28.0,-0.6,383.0,28.65,28.0
2020-02-10,3029,443024,12301072,27.7,27.85,-0.15,299.0,28.1,27.25
2020-02-11,3029,512923,14664740,28.5,28.55,0.7,377.0,28.75,28.45
2020-02-12,3029,437637,12604829,28.65,28.8,0.25,331.0,28.9,28.6
2020-02-13,3029,539002,15587962,29.35,28.75,-0.05,364.0,29.35,28.6
2020-02-14,3029,433440,12596467,28.75,29.1,0.35,290.0,29.2,28.65
2020-02-17,3029,369885,10723590,28.9,29.1,0.0,263.0,29.15,28.85
2020-02-18,3029,1860001,55336782,29.1,29.65,0.55,1067.0,30.1,28.95
2020-02-19,3029,860098,25729240,29.7,30.05,0.4,528.0,30.1,29.65
2020-02-20,3029,896308,27000663,30.2,30.4,0.35,566.0,30.45,29.8
2020-02-21,3029,2401077,73047370,30.65,29.95,-0.45,1385.0,30.85,29.9
2020-02-24,3029,689819,20340970,29.6,29.7,-0.25,471.0,29.75,29.2
2020-02-25,3029,470752,13872040,29.0,29.8,0.1,358.0,29.85,29.0
2020-02-26,3029,553225,16464416,29.5,29.8,0.0,360.0,30.05,29.5
2020-02-27,3029,4123070,126578558,30.85,30.4,0.6,2490.0,31.2,30.3
2020-03-02,3029,1599827,48305868,29.8,30.3,-0.1,957.0,30.7,29.55
2020-03-03,3029,1266946,38792836,30.8,30.55,0.25,718.0,30.85,30.45
2020-03-04,3029,2469586,76583921,30.45,31.4,0.85,1377.0,31.5,30.4
2020-03-05,3029,2054398,64830538,31.85,31.35,-0.05,1258.0,31.85,31.25
2020-03-06,3029,3520695,112293666,32.15,31.95,0.6,1921.0,32.15,31.6
2020-03-09,3029,2342380,73960528,32.0,31.4,-0.55,1460.0,32.05,31.15
2020-03-10,3029,2161709,67554847,31.0,31.8,0.4,1224.0,31.8,30.9
2020-03-11,3029,2461726,77901260,32.2,31.0,-0.8,1391.0,32.3,30.8
2020-03-12,3029,2247607,67329638,30.35,29.85,-1.15,1356.0,30.45,29.6
2020-03-13,3029,2758690,76990327,27.2,28.4,-1.45,1566.0,28.65,27.2
2020-03-16,3029,1874380,53670278,28.45,28.2,-0.2,1195.0,29.15,28.05
2020-03-17,3029,1769185,49788818,27.1,28.2,0.0,1041.0,28.8,27.1
2020-03-18,3029,2564300,74055676,28.8,28.3,0.1,1682.0,29.35,28.25
2020-03-19,3029,3410358,91291274,28.0,25.5,-2.8,1896.0,28.2,25.5
2020-03-20,3029,2427107,66508396,27.05,27.45,1.95,1338.0,27.95,26.6
2020-03-23,3029,1325109,35510459,26.6,27.15,-0.3,831.0,27.4,26.1
2020-03-24,3029,1353642,37755340,27.95,27.6,0.45,823.0,28.2,27.6
2020-03-25,3029,1592321,45063169,28.25,28.0,0.4,926.0,28.8,27.95
2020-03-26,3029,1167527,32663428,28.0,28.05,0.05,620.0,28.2,27.65
2020-03-27,3029,4634481,132176462,28.5,28.1,0.05,2336.0,29.0,27.8
2020-03-30,3029,768736,21600823,27.5,28.3,0.2,537.0,28.4,27.5
2020-03-31,3029,1110467,31608352,28.6,28.35,0.05,623.0,28.75,28.25
2020-04-01,3029,674020,19110212,28.2,28.4,0.05,417.0,28.5,28.2
2020-04-06,3029,1047492,29885453,28.7,28.65,0.25,583.0,28.9,28.25
2020-04-07,3029,3225793,95469643,29.1,29.75,1.1,1884.0,30.25,29.0
2020-04-08,3029,1475986,43997819,29.75,29.9,0.15,892.0,30.2,29.5
2020-04-09,3029,2194085,66565067,30.65,30.05,0.15,1185.0,30.8,30.0
2020-04-10,3029,875233,26336582,30.0,30.2,0.15,504.0,30.25,29.95
2020-04-13,3029,1556009,47600020,30.1,30.8,0.6,1008.0,31.1,29.9
2020-04-14,3029,1548491,48176737,30.95,31.1,0.3,890.0,31.25,30.85
2020-04-15,3029,1954747,61192926,31.1,31.5,0.4,998.0,31.7,31.0
2020-04-16,3029,2489089,79248201,31.15,32.15,0.65,1500.0,32.2,31.1
2020-04-17,3029,3061973,97874109,32.45,31.85,-0.3,1693.0,32.8,31.45
2020-04-20,3029,1168663,37320066,31.95,31.9,0.05,645.0,32.2,31.75
2020-04-21,3029,1893529,59435736,31.75,31.15,-0.75,1053.0,31.85,31.1
2020-04-22,3029,1405269,43763887,30.9,31.7,0.55,812.0,31.7,30.45
2020-04-23,3029,1844585,59187923,32.0,32.05,0.35,948.0,32.35,31.9
2020-04-24,3029,3284453,107329591,32.05,32.8,0.75,1838.0,33.2,32.05
2020-04-27,3029,8589969,293313758,33.5,33.4,0.6,4723.0,35.0,33.35
2020-04-28,3029,2914609,98263056,33.3,34.0,0.6,1688.0,34.15,33.2
2020-04-29,3029,4205467,140596279,33.9,33.35,-0.65,2350.0,33.9,33.15
2020-04-30,3029,2084757,69537235,33.5,33.35,0.0,1194.0,33.6,33.1
2020-05-04,3029,1756912,57853091,32.6,32.85,-0.5,957.0,33.2,32.45
2020-05-05,3029,1964664,65485193,33.5,33.05,0.2,1003.0,33.75,32.9
2020-05-06,3029,4573586,154884024,33.45,34.0,0.95,2465.0,34.15,33.3
2020-05-07,3029,2615100,89027250,34.3,33.85,-0.15,1400.0,34.4,33.85
2020-05-08,3029,1778513,59722159,34.05,33.65,-0.2,993.0,34.05,33.4
2020-05-11,3029,3178269,104745297,33.3,32.85,-0.8,1889.0,33.4,32.75
2020-05-12,3029,1321923,43351083,32.7,33.1,0.25,782.0,33.1,32.65
2020-05-13,3029,794525,26132196,32.9,33.05,-0.05,499.0,33.05,32.75
2020-05-14,3029,2289100,73831873,32.9,31.8,-1.25,1463.0,32.9,31.7
2020-05-15,3029,1385335,44114168,31.85,31.8,0.0,748.0,32.2,31.35
2020-05-18,3029,1258413,40576859,31.9,32.5,0.7,665.0,32.6,31.65
2020-05-19,3029,4379617,144977411,33.4,32.8,0.3,2211.0,33.5,32.8
2020-05-20,3029,1210411,39433522,32.7,32.7,-0.1,729.0,32.8,32.4
2020-05-21,3029,988500,32426647,33.0,32.75,0.05,576.0,33.0,32.65
2020-05-22,3029,1649867,54122343,32.95,32.6,-0.15,839.0,33.05,32.55
2020-05-25,3029,721643,23536971,32.65,32.7,0.1,427.0,32.95,32.4
2020-05-26,3029,1394227,45998091,33.0,32.95,0.25,776.0,33.1,32.8
2020-05-27,3029,1917282,63908595,33.1,33.45,0.5,1109.0,33.6,33.05
2020-05-28,3029,2414800,81294113,33.75,33.65,0.2,1256.0,33.95,33.3
2020-05-29,3029,3923816,133536344,33.65,34.2,0.55,1932.0,34.3,33.5
2020-06-01,3029,9683333,338052785,34.5,34.85,0.65,4621.0,35.45,34.3
2020-06-02,3029,2599174,90315569,34.9,34.75,-0.1,1458.0,35.05,34.6
2020-06-03,3029,1764996,61630603,35.1,34.8,0.05,990.0,35.15,34.8
2020-06-04,3029,5973826,211114100,35.2,35.3,0.5,2889.0,35.65,35.0
2020-06-05,3029,7609487,274110443,35.4,36.9,1.6,3560.0,36.9,35.4
2020-06-08,3029,10598199,397389684,37.8,37.45,0.55,5551.0,38.4,36.65
2020-06-09,3029,9399159,357623322,37.8,38.2,0.75,4213.0,38.5,37.5
2020-06-10,3029,7869253,289769475,36.6,36.35,0.0,3936.0,37.4,36.3
2020-06-11,3029,5452869,199743930,36.4,36.0,-0.35,3160.0,37.35,36.0
2020-06-12,3029,10762097,399383077,35.0,37.4,1.4,6218.0,38.2,34.4
2020-06-15,3029,13801395,528858699,37.85,37.75,0.35,7811.0,39.35,37.3
2020-06-16,3029,4510739,170213274,38.25,37.55,-0.2,2616.0,38.5,37.35
2020-06-17,3029,4550177,168089904,37.5,37.2,-0.35,2579.0,37.5,36.6
2020-06-18,3029,2285229,85749892,37.7,37.6,0.4,1410.0,37.8,37.2
2020-06-19,3029,4864755,185540304,38.5,37.65,0.05,2777.0,38.8,37.6
2020-06-22,3029,3303892,124615557,37.5,37.6,-0.05,1989.0,38.45,37.0
2020-06-23,3029,4435975,169681142,38.35,38.1,0.5,2611.0,38.6,37.6
2020-06-24,3029,18892844,762876634,38.25,40.8,2.7,10336.0,41.75,37.85
2020-06-29,3029,13558817,551680277,40.8,39.8,-1.0,7250.0,42.45,39.7
2020-06-30,3029,4159137,164235118,39.9,39.6,-0.2,2373.0,40.2,39.05
2020-07-01,3029,2365422,93607094,40.05,39.35,-0.25,1447.0,40.05,39.3
2020-07-02,3029,2611934,102574976,39.8,39.0,-0.35,1627.0,39.85,38.9
2020-07-03,3029,5218962,210004633,40.05,39.9,0.9,3289.0,40.85,39.8
2020-07-06,3029,5570888,221848673,40.55,39.8,-0.1,3211.0,40.6,39.2
2020-07-07,3029,3632891,145011102,40.25,39.95,0.15,2188.0,40.5,39.35
2020-07-08,3029,2567551,103174312,40.2,40.15,0.2,1489.0,40.5,40.0
2020-07-09,3029,3032765,120443236,40.6,39.35,-0.8,1784.0,40.6,39.3
2020-07-10,3029,3841393,151031662,39.7,39.1,-0.25,2189.0,40.2,38.35
2020-07-13,3029,2387565,94988204,40.0,39.6,0.5,1267.0,40.15,39.3
2020-07-14,3029,7112681,288363713,39.6,40.8,1.2,4243.0,41.25,39.35
2020-07-15,3029,8887311,361200123,41.25,39.45,-1.35,5057.0,41.65,39.35
2020-07-16,3029,3586384,144052207,39.8,40.4,0.95,1889.0,40.8,39.65
2020-07-17,3029,8414642,342156900,40.45,39.75,-0.65,4620.0,41.5,39.2
2020-07-20,3029,8062825,332047519,39.7,41.25,1.5,4909.0,42.15,39.45
2020-07-21,3029,4105288,169699369,41.75,41.35,0.1,2460.0,42.15,40.65
2020-07-22,3029,2755026,113138771,41.5,41.3,-0.05,1489.0,41.75,40.8
2020-07-23,3029,2052616,84670036,41.6,41.15,-0.15,1279.0,41.6,41.0
2020-07-24,3029,2791140,112804404,41.25,40.1,-1.05,1629.0,41.25,39.8
2020-07-27,3029,3100070,122269488,40.7,39.2,-0.9,1686.0,40.7,38.95
2020-07-28,3029,1790765,70358635,39.3,39.0,-0.2,1074.0,39.75,38.95
2020-07-29,3029,1027053,40483785,39.2,39.4,0.4,612.0,39.75,39.1
2020-07-30,3029,3990082,163386648,40.65,40.65,1.25,2482.0,41.65,40.4
2020-07-31,3029,6891423,288572735,40.75,43.05,2.4,4086.0,43.05,40.75
2020-08-03,3029,13059662,580098301,44.3,44.55,1.5,8054.0,45.3,43.3
2020-08-04,3029,3548994,156479171,44.2,44.2,-0.35,2196.0,44.55,43.75
2020-08-05,3029,6304250,286623937,44.35,45.85,1.65,3897.0,46.7,44.2
2020-08-06,3029,5167156,239422351,45.9,46.95,1.1,3057.0,47.2,45.2
2020-08-07,3029,2652399,124019520,46.95,46.7,-0.25,1654.0,47.6,46.25
2020-08-10,3029,5986933,265861860,45.0,44.0,-2.7,3367.0,45.6,43.75
2020-08-11,3029,2486204,109206525,44.1,44.0,0.0,1477.0,44.8,43.3
2020-08-12,3029,2003579,87719276,43.9,43.95,-0.05,1178.0,44.4,43.15
2020-08-13,3029,1560914,68282204,44.4,43.45,-0.5,909.0,44.55,43.3
2020-08-14,3029,1637840,71970566,43.55,44.1,0.65,983.0,44.45,43.0
2020-08-17,3029,1284576,56688143,44.45,44.1,0.0,769.0,44.45,43.8
2020-08-18,3029,1526798,67233184,44.35,44.35,0.25,916.0,44.4,43.5
2020-08-19,3029,8456563,384185334,44.6,44.8,0.45,4860.0,46.2,44.45
2020-08-20,3029,7486525,313038537,44.25,40.95,-3.85,4256.0,44.35,40.35
2020-08-21,3029,1713143,71978082,41.8,42.1,1.15,1153.0,42.45,41.5
2020-08-24,3029,4811600,212421032,42.15,44.75,2.65,2884.0,45.15,41.95
2020-08-25,3029,3382072,151609081,44.85,44.15,-0.6,2006.0,45.75,44.1
2020-08-26,3029,1631284,71481487,44.2,43.65,-0.5,998.0,44.5,43.55
2020-08-27,3029,1000091,43781824,43.75,43.65,0.0,653.0,44.1,43.55
2020-08-28,3029,1778792,76576956,43.85,42.65,-1.0,1211.0,43.85,42.55
2020-08-31,3029,1159444,49869862,42.75,42.95,0.3,714.0,43.6,42.45
2020-09-01,3029,697146,30081110,43.1,43.25,0.3,478.0,43.45,42.65
2020-09-02,3029,968722,42202295,43.5,43.15,-0.1,621.0,44.25,43.15
2020-09-03,3029,3505661,148156117,43.45,41.95,-1.2,2274.0,43.7,41.8
2020-09-04,3029,1814304,76133270,41.2,42.3,0.35,1077.0,42.65,40.75
2020-09-07,3029,1879902,78182908,41.9,41.05,-1.25,1103.0,42.3,41.0
2020-09-08,3029,870527,36207716,41.9,41.6,0.55,545.0,41.95,41.3
2020-09-09,3029,790262,32646142,41.0,41.4,-0.2,513.0,41.6,41.0
2020-09-10,3029,1740345,71365619,41.6,40.75,-0.65,1082.0,41.75,40.7
2020-09-11,3029,1327135,54119769,40.6,40.95,0.2,736.0,41.25,40.2
2020-09-14,3029,651848,26872515,40.95,41.15,0.2,405.0,41.45,40.95
2020-09-15,3029,493432,20383466,41.35,41.2,0.05,354.0,41.65,41.15
2020-09-16,3029,1141230,46621531,41.25,40.75,-0.45,768.0,41.35,40.5
2020-09-17,3029,701146,28509279,40.95,40.55,-0.2,469.0,41.05,40.55
2020-09-18,3029,676188,27400979,40.6,40.55,0.0,480.0,40.75,40.4
2020-09-21,3029,1499752,60112980,40.55,39.95,-0.6,879.0,40.7,39.9
2020-09-22,3029,1187195,46919950,39.95,39.45,-0.5,751.0,39.95,39.2
2020-09-23,3029,983526,38854341,39.8,39.3,-0.15,619.0,39.95,39.2
2020-09-24,3029,1402720,53901549,38.8,38.1,-1.2,923.0,39.1,38.05
2020-09-25,3029,1690697,63909119,38.2,37.55,-0.55,906.0,38.7,37.0
2020-09-28,3029,1041307,40474330,38.1,39.0,1.45,703.0,39.3,38.1
2020-09-29,3029,513553,19984392,39.0,39.0,0.0,321.0,39.3,38.6
